Cache Size (KB),Block Size,Associativty,Replacement Policy,Total Blocks,Tag Size (bits),Index Size (bits),Total Rows,Overhead Size,Implementation Size,Cost ($),Total Accesses,Total Hits,Total Misses,Compulsory Misses,Conflict Misses,Hit Rate,Miss Rate,CPI,Unused Space,Unused Blocks,Waste ($),Filename
8,4,2,Round Robin,2048,20,10,1024,5376,13,0.93,475872,416645,59227,2048,57179,87.55%,12.45%,4.64,0.00%,0,0,A-10_new_1.5_a.pdf.trc
8,4,2,Round Robin,2048,20,10,1024,5376,13,0.93,482641,394345,88296,2048,86248,81.71%,18.29%,4.89,0.00%,0,0,A-9_new_1.5.pdf.trc
8,4,2,Round Robin,2048,20,10,1024,5376,13,0.93,580244,527203,53041,2048,50993,90.86%,9.14%,4.69,0.00%,0,0,Corruption2.trc
8,4,2,Random,2048,20,10,1024,5376,13,0.93,475872,399307,76565,2048,74517,83.91%,16.09%,4.79,0.00%,0,0,A-10_new_1.5_a.pdf.trc
8,4,2,Random,2048,20,10,1024,5376,13,0.93,482641,364359,118282,2048,116234,75.49%,24.51%,5.14,0.00%,0,0,A-9_new_1.5.pdf.trc
8,4,2,Random,2048,20,10,1024,5376,13,0.93,580244,506781,73463,2048,71415,87.34%,12.66%,4.85,0.00%,0,0,Corruption2.trc
8,4,4,Round Robin,2048,21,9,512,5632,13,0.95,475872,419343,56529,2048,54481,88.12%,11.88%,4.62,0.00%,0,0,A-10_new_1.5_a.pdf.trc
8,4,4,Round Robin,2048,21,9,512,5632,13,0.95,482641,402303,80338,2048,78290,83.35%,16.65%,4.82,0.00%,0,0,A-9_new_1.5.pdf.trc
8,4,4,Round Robin,2048,21,9,512,5632,13,0.95,580244,529186,51058,2048,49010,91.20%,8.80%,4.68,0.00%,0,0,Corruption2.trc
8,4,4,Random,2048,21,9,512,5632,13,0.95,475872,388012,87860,2048,85812,81.54%,18.46%,4.89,0.00%,0,0,A-10_new_1.5_a.pdf.trc
8,4,4,Random,2048,21,9,512,5632,13,0.95,482641,351757,130884,2048,128836,72.88%,27.12%,5.25,0.00%,0,0,A-9_new_1.5.pdf.trc
8,4,4,Random,2048,21,9,512,5632,13,0.95,580244,494612,85632,2048,83584,85.24%,14.76%,4.94,0.00%,0,0,Corruption2.trc
8,4,8,Round Robin,2048,22,8,256,5888,13,0.96,475872,419290,56582,2048,54534,88.11%,11.89%,4.62,0.00%,0,0,A-10_new_1.5_a.pdf.trc
8,4,8,Round Robin,2048,22,8,256,5888,13,0.96,482641,402870,79771,2048,77723,83.47%,16.53%,4.81,0.00%,0,0,A-9_new_1.5.pdf.trc
8,4,8,Round Robin,2048,22,8,256,5888,13,0.96,580244,529360,50884,2048,48836,91.23%,8.77%,4.68,0.00%,0,0,Corruption2.trc
8,4,8,Random,2048,22,8,256,5888,13,0.96,475872,372796,103076,2048,101028,78.34%,21.66%,5.02,0.00%,0,0,A-10_new_1.5_a.pdf.trc
8,4,8,Random,2048,22,8,256,5888,13,0.96,482641,330652,151989,2048,149941,68.51%,31.49%,5.43,0.00%,0,0,A-9_new_1.5.pdf.trc
8,4,8,Random,2048,22,8,256,5888,13,0.96,580244,483375,96869,2048,94821,83.31%,16.69%,5.02,0.00%,0,0,Corruption2.trc
8,8,2,Round Robin,1024,20,9,512,2688,10,0.74,413303,376315,36988,1024,35964,91.05%,8.95%,4.33,0.00%,0,0,A-10_new_1.5_a.pdf.trc
8,8,2,Round Robin,1024,20,9,512,2688,10,0.74,420288,365519,54769,1024,53745,86.97%,13.03%,4.69,0.00%,0,0,A-9_new_1.5.pdf.trc
8,8,2,Round Robin,1024,20,9,512,2688,10,0.74,490514,456644,33870,1024,32846,93.09%,6.91%,4.22,0.00%,0,0,Corruption2.trc
8,8,2,Random,1024,20,9,512,2688,10,0.74,413303,364266,49037,1024,48013,88.14%,11.86%,4.57,0.00%,0,0,A-10_new_1.5_a.pdf.trc
8,8,2,Random,1024,20,9,512,2688,10,0.74,420288,346113,74175,1024,73151,82.35%,17.65%,5.08,0.00%,0,0,A-9_new_1.5.pdf.trc
8,8,2,Random,1024,20,9,512,2688,10,0.74,490514,442780,47734,1024,46710,90.27%,9.73%,4.46,0.00%,0,0,Corruption2.trc
8,8,4,Round Robin,1024,21,8,256,2816,10,0.75,413303,378162,35141,1024,34117,91.50%,8.50%,4.29,0.00%,0,0,A-10_new_1.5_a.pdf.trc
8,8,4,Round Robin,1024,21,8,256,2816,10,0.75,420288,371368,48920,1024,47896,88.36%,11.64%,4.57,0.00%,0,0,A-9_new_1.5.pdf.trc
8,8,4,Round Robin,1024,21,8,256,2816,10,0.75,490514,457973,32541,1024,31517,93.37%,6.63%,4.2,0.00%,0,0,Corruption2.trc
8,8,4,Random,1024,21,8,256,2816,10,0.75,413303,355783,57520,1024,56496,86.08%,13.92%,4.75,0.00%,0,0,A-10_new_1.5_a.pdf.trc
8,8,4,Random,1024,21,8,256,2816,10,0.75,420288,337875,82413,1024,81389,80.39%,19.61%,5.24,0.00%,0,0,A-9_new_1.5.pdf.trc
8,8,4,Random,1024,21,8,256,2816,10,0.75,490514,432871,57643,1024,56619,88.25%,11.75%,4.63,0.00%,0,0,Corruption2.trc
8,8,8,Round Robin,1024,22,7,128,2944,10,0.76,413303,378321,34982,1024,33958,91.54%,8.46%,4.29,0.00%,0,0,A-10_new_1.5_a.pdf.trc
8,8,8,Round Robin,1024,22,7,128,2944,10,0.76,420288,372346,47942,1024,46918,88.59%,11.41%,4.56,0.00%,0,0,A-9_new_1.5.pdf.trc
8,8,8,Round Robin,1024,22,7,128,2944,10,0.76,490514,458607,31907,1024,30883,93.50%,6.50%,4.19,0.00%,0,0,Corruption2.trc
8,8,8,Random,1024,22,7,128,2944,10,0.76,413303,346282,67021,1024,65997,83.78%,16.22%,4.94,0.00%,0,0,A-10_new_1.5_a.pdf.trc
8,8,8,Random,1024,22,7,128,2944,10,0.76,420288,324411,95877,1024,94853,77.19%,22.81%,5.51,0.00%,0,0,A-9_new_1.5.pdf.trc
8,8,8,Random,1024,22,7,128,2944,10,0.76,490514,423330,67184,1024,66160,86.30%,13.70%,4.8,0.00%,0,0,Corruption2.trc
8,16,2,Round Robin,512,20,8,256,1344,9,0.65,377255,352301,24954,512,24442,93.39%,6.61%,4.35,0.00%,0,0,A-10_new_1.5_a.pdf.trc
8,16,2,Round Robin,512,20,8,256,1344,9,0.65,387850,351655,36195,512,35683,90.67%,9.33%,4.87,0.00%,0,0,A-9_new_1.5.pdf.trc
8,16,2,Round Robin,512,20,8,256,1344,9,0.65,446309,422381,23928,512,23416,94.64%,5.36%,4.2,0.00%,0,0,Corruption2.trc
8,16,2,Random,512,20,8,256,1344,9,0.65,377255,342494,34761,512,34249,90.79%,9.21%,4.78,0.00%,0,0,A-10_new_1.5_a.pdf.trc
8,16,2,Random,512,20,8,256,1344,9,0.65,387850,337462,50388,512,49876,87.01%,12.99%,5.48,0.00%,0,0,A-9_new_1.5.pdf.trc
8,16,2,Random,512,20,8,256,1344,9,0.65,446309,411216,35093,512,34581,92.14%,7.86%,4.61,0.00%,0,0,Corruption2.trc
8,16,4,Round Robin,512,21,7,128,1408,9,0.66,377255,353709,23546,512,23034,93.76%,6.24%,4.29,0.00%,0,0,A-10_new_1.5_a.pdf.trc
8,16,4,Round Robin,512,21,7,128,1408,9,0.66,387850,355824,32026,512,31514,91.74%,8.26%,4.69,0.00%,0,0,A-9_new_1.5.pdf.trc
8,16,4,Round Robin,512,21,7,128,1408,9,0.66,446309,423500,22809,512,22297,94.89%,5.11%,4.15,0.00%,0,0,Corruption2.trc
8,16,4,Random,512,21,7,128,1408,9,0.66,377255,335261,41994,512,41482,88.87%,11.13%,5.09,0.00%,0,0,A-10_new_1.5_a.pdf.trc
8,16,4,Random,512,21,7,128,1408,9,0.66,387850,331218,56632,512,56120,85.40%,14.60%,5.74,0.00%,0,0,A-9_new_1.5.pdf.trc
8,16,4,Random,512,21,7,128,1408,9,0.66,446309,402599,43710,512,43198,90.21%,9.79%,4.93,0.00%,0,0,Corruption2.trc
8,16,8,Round Robin,512,22,6,64,1472,9,0.66,377255,354345,22910,512,22398,93.93%,6.07%,4.26,0.00%,0,0,A-10_new_1.5_a.pdf.trc
8,16,8,Round Robin,512,22,6,64,1472,9,0.66,387850,357221,30629,512,30117,92.10%,7.90%,4.63,0.00%,0,0,A-9_new_1.5.pdf.trc
8,16,8,Round Robin,512,22,6,64,1472,9,0.66,446309,424703,21606,512,21094,95.16%,4.84%,4.11,0.00%,0,0,Corruption2.trc
8,16,8,Random,512,22,6,64,1472,9,0.66,377255,328541,48714,512,48202,87.09%,12.91%,5.38,0.00%,0,0,A-10_new_1.5_a.pdf.trc
8,16,8,Random,512,22,6,64,1472,9,0.66,387850,321472,66378,512,65866,82.89%,17.11%,6.16,0.00%,0,0,A-9_new_1.5.pdf.trc
8,16,8,Random,512,22,6,64,1472,9,0.66,446309,393818,52491,512,51979,88.24%,11.76%,5.25,0.00%,0,0,Corruption2.trc
8,32,2,Round Robin,256,20,7,128,672,8,0.61,361364,343068,18296,256,18040,94.94%,5.06%,4.77,0.00%,0,0,A-10_new_1.5_a.pdf.trc
8,32,2,Round Robin,256,20,7,128,672,8,0.61,373450,346957,26493,256,26237,92.91%,7.09%,5.54,0.00%,0,0,A-9_new_1.5.pdf.trc
8,32,2,Round Robin,256,20,7,128,672,8,0.61,425395,408365,17030,256,16774,96.00%,4.00%,4.46,0.00%,0,0,Corruption2.trc
8,32,2,Random,256,20,7,128,672,8,0.61,361364,333843,27521,256,27265,92.38%,7.62%,5.6,0.00%,0,0,A-10_new_1.5_a.pdf.trc
8,32,2,Random,256,20,7,128,672,8,0.61,373450,335280,38170,256,37914,89.78%,10.22%,6.57,0.00%,0,0,A-9_new_1.5.pdf.trc
8,32,2,Random,256,20,7,128,672,8,0.61,425395,398822,26573,256,26317,93.75%,6.25%,5.19,0.00%,0,0,Corruption2.trc
8,32,4,Round Robin,256,21,6,64,704,8,0.61,361364,344222,17142,256,16886,95.26%,4.74%,4.67,0.00%,0,0,A-10_new_1.5_a.pdf.trc
8,32,4,Round Robin,256,21,6,64,704,8,0.61,373450,349970,23480,256,23224,93.71%,6.29%,5.27,0.00%,0,0,A-9_new_1.5.pdf.trc
8,32,4,Round Robin,256,21,6,64,704,8,0.61,425395,409568,15827,256,15571,96.28%,3.72%,4.37,0.00%,0,0,Corruption2.trc
8,32,4,Random,256,21,6,64,704,8,0.61,361364,326707,34657,256,34401,90.41%,9.59%,6.24,0.00%,0,0,A-10_new_1.5_a.pdf.trc
8,32,4,Random,256,21,6,64,704,8,0.61,373450,330117,43333,256,43077,88.40%,11.60%,7.03,0.00%,0,0,A-9_new_1.5.pdf.trc
8,32,4,Random,256,21,6,64,704,8,0.61,425395,390585,34810,256,34554,91.82%,8.18%,5.82,0.00%,0,0,Corruption2.trc
8,32,8,Round Robin,256,22,5,32,736,8,0.61,361364,345068,16296,256,16040,95.49%,4.51%,4.59,0.00%,0,0,A-10_new_1.5_a.pdf.trc
8,32,8,Round Robin,256,22,5,32,736,8,0.61,373450,351828,21622,256,21366,94.21%,5.79%,5.11,0.00%,0,0,A-9_new_1.5.pdf.trc
8,32,8,Round Robin,256,22,5,32,736,8,0.61,425395,410962,14433,256,14177,96.61%,3.39%,4.26,0.00%,0,0,Corruption2.trc
8,32,8,Random,256,22,5,32,736,8,0.61,361364,321239,40125,256,39869,88.90%,11.10%,6.73,0.00%,0,0,A-10_new_1.5_a.pdf.trc
8,32,8,Random,256,22,5,32,736,8,0.61,373450,322370,51080,256,50824,86.32%,13.68%,7.71,0.00%,0,0,A-9_new_1.5.pdf.trc
8,32,8,Random,256,22,5,32,736,8,0.61,425395,381643,43752,256,43496,89.71%,10.29%,6.51,0.00%,0,0,Corruption2.trc
8,64,2,Round Robin,128,20,6,64,336,8,0.58,354809,339111,15698,128,15570,95.58%,4.42%,5.93,0.00%,0,0,A-10_new_1.5_a.pdf.trc
8,64,2,Round Robin,128,20,6,64,336,8,0.58,366344,343705,22639,128,22511,93.82%,6.18%,7.21,0.00%,0,0,A-9_new_1.5.pdf.trc
8,64,2,Round Robin,128,20,6,64,336,8,0.58,417698,404151,13547,128,13419,96.76%,3.24%,5.21,0.00%,0,0,Corruption2.trc
8,64,2,Random,128,20,6,64,336,8,0.58,354809,329797,25012,128,24884,92.95%,7.05%,7.63,0.00%,0,0,A-10_new_1.5_a.pdf.trc
8,64,2,Random,128,20,6,64,336,8,0.58,366344,331213,35131,128,35003,90.41%,9.59%,9.45,0.00%,0,0,A-9_new_1.5.pdf.trc
8,64,2,Random,128,20,6,64,336,8,0.58,417698,393429,24269,128,24141,94.19%,5.81%,6.88,0.00%,0,0,Corruption2.trc
8,64,4,Round Robin,128,21,5,32,352,8,0.58,354809,340441,14368,128,14240,95.95%,4.05%,5.69,0.00%,0,0,A-10_new_1.5_a.pdf.trc
8,64,4,Round Robin,128,21,5,32,352,8,0.58,366344,346523,19821,128,19693,94.59%,5.41%,6.7,0.00%,0,0,A-9_new_1.5.pdf.trc
8,64,4,Round Robin,128,21,5,32,352,8,0.58,417698,405468,12230,128,12102,97.07%,2.93%,5,0.00%,0,0,Corruption2.trc
8,64,4,Random,128,21,5,32,352,8,0.58,354809,319099,35710,128,35582,89.94%,10.06%,9.58,0.00%,0,0,A-10_new_1.5_a.pdf.trc
8,64,4,Random,128,21,5,32,352,8,0.58,366344,326093,40251,128,40123,89.01%,10.99%,10.37,0.00%,0,0,A-9_new_1.5.pdf.trc
8,64,4,Random,128,21,5,32,352,8,0.58,417698,383831,33867,128,33739,91.89%,8.11%,8.37,0.00%,0,0,Corruption2.trc
8,64,8,Round Robin,128,22,4,16,368,8,0.59,354809,340898,13911,128,13783,96.08%,3.92%,5.61,0.00%,0,0,A-10_new_1.5_a.pdf.trc
8,64,8,Round Robin,128,22,4,16,368,8,0.59,366344,347726,18618,128,18490,94.92%,5.08%,6.48,0.00%,0,0,A-9_new_1.5.pdf.trc
8,64,8,Round Robin,128,22,4,16,368,8,0.59,417698,406161,11537,128,11409,97.24%,2.76%,4.89,0.00%,0,0,Corruption2.trc
8,64,8,Random,128,22,4,16,368,8,0.59,354809,314034,40775,128,40647,88.51%,11.49%,10.5,0.00%,0,0,A-10_new_1.5_a.pdf.trc
8,64,8,Random,128,22,4,16,368,8,0.59,366344,318757,47587,128,47459,87.01%,12.99%,11.69,0.00%,0,0,A-9_new_1.5.pdf.trc
8,64,8,Random,128,22,4,16,368,8,0.59,417698,371980,45718,128,45590,89.05%,10.95%,10.21,0.00%,0,0,Corruption2.trc
16,4,2,Round Robin,4096,19,11,2048,10240,26,1.82,475872,433433,42439,4096,38343,91.08%,8.92%,4.49,0.00%,0,0,A-10_new_1.5_a.pdf.trc
16,4,2,Round Robin,4096,19,11,2048,10240,26,1.82,482641,416800,65841,4096,61745,86.36%,13.64%,4.7,0.00%,0,0,A-9_new_1.5.pdf.trc
16,4,2,Round Robin,4096,19,11,2048,10240,26,1.82,580244,539898,40346,4096,36250,93.05%,6.95%,4.6,0.00%,0,0,Corruption2.trc
16,4,2,Random,4096,19,11,2048,10240,26,1.82,475872,420511,55361,4096,51265,88.37%,11.63%,4.61,0.00%,0,0,A-10_new_1.5_a.pdf.trc
16,4,2,Random,4096,19,11,2048,10240,26,1.82,482641,399278,83363,4096,79267,82.73%,17.27%,4.85,0.00%,0,0,A-9_new_1.5.pdf.trc
16,4,2,Random,4096,19,11,2048,10240,26,1.82,580244,524780,55464,4096,51368,90.44%,9.56%,4.71,0.00%,0,0,Corruption2.trc
16,4,4,Round Robin,4096,20,10,1024,10752,26,1.86,475872,437774,38098,4096,34002,91.99%,8.01%,4.46,0.00%,0,0,A-10_new_1.5_a.pdf.trc
16,4,4,Round Robin,4096,20,10,1024,10752,26,1.86,482641,421673,60968,4096,56872,87.37%,12.63%,4.65,0.00%,0,0,A-9_new_1.5.pdf.trc
16,4,4,Round Robin,4096,20,10,1024,10752,26,1.86,580244,543543,36701,4096,32605,93.67%,6.33%,4.57,0.00%,0,0,Corruption2.trc
16,4,4,Random,4096,20,10,1024,10752,26,1.86,475872,411560,64312,4096,60216,86.49%,13.51%,4.68,0.00%,0,0,A-10_new_1.5_a.pdf.trc
16,4,4,Random,4096,20,10,1024,10752,26,1.86,482641,379091,103550,4096,99454,78.55%,21.45%,5.02,0.00%,0,0,A-9_new_1.5.pdf.trc
16,4,4,Random,4096,20,10,1024,10752,26,1.86,580244,513389,66855,4096,62759,88.48%,11.52%,4.8,0.00%,0,0,Corruption2.trc
16,4,8,Round Robin,4096,21,9,512,11264,27,1.89,475872,439173,36699,4096,32603,92.29%,7.71%,4.44,0.00%,0,0,A-10_new_1.5_a.pdf.trc
16,4,8,Round Robin,4096,21,9,512,11264,27,1.89,482641,423713,58928,4096,54832,87.79%,12.21%,4.64,0.00%,0,0,A-9_new_1.5.pdf.trc
16,4,8,Round Robin,4096,21,9,512,11264,27,1.89,580244,544571,35673,4096,31577,93.85%,6.15%,4.57,0.00%,0,0,Corruption2.trc
16,4,8,Random,4096,21,9,512,11264,27,1.89,475872,398362,77510,4096,73414,83.71%,16.29%,4.8,0.00%,0,0,A-10_new_1.5_a.pdf.trc
16,4,8,Random,4096,21,9,512,11264,27,1.89,482641,365216,117425,4096,113329,75.67%,24.33%,5.14,0.00%,0,0,A-9_new_1.5.pdf.trc
16,4,8,Random,4096,21,9,512,11264,27,1.89,580244,500338,79906,4096,75810,86.23%,13.77%,4.89,0.00%,0,0,Corruption2.trc
16,8,2,Round Robin,2048,19,10,1024,5120,21,1.47,413303,387337,25966,2048,23918,93.72%,6.28%,4.11,0.00%,0,0,A-10_new_1.5_a.pdf.trc
16,8,2,Round Robin,2048,19,10,1024,5120,21,1.47,420288,380511,39777,2048,37729,90.54%,9.46%,4.39,0.00%,0,0,A-9_new_1.5.pdf.trc
16,8,2,Round Robin,2048,19,10,1024,5120,21,1.47,490514,464813,25701,2048,23653,94.76%,5.24%,4.08,0.00%,0,0,Corruption2.trc
16,8,2,Random,2048,19,10,1024,5120,21,1.47,413303,378263,35040,2048,32992,91.52%,8.48%,4.29,0.00%,0,0,A-10_new_1.5_a.pdf.trc
16,8,2,Random,2048,19,10,1024,5120,21,1.47,420288,368610,51678,2048,49630,87.70%,12.30%,4.63,0.00%,0,0,A-9_new_1.5.pdf.trc
16,8,2,Random,2048,19,10,1024,5120,21,1.47,490514,454379,36135,2048,34087,92.63%,7.37%,4.26,0.00%,0,0,Corruption2.trc
16,8,4,Round Robin,2048,20,9,512,5376,21,1.49,413303,389853,23450,2048,21402,94.33%,5.67%,4.06,0.00%,0,0,A-10_new_1.5_a.pdf.trc
16,8,4,Round Robin,2048,20,9,512,5376,21,1.49,420288,383587,36701,2048,34653,91.27%,8.73%,4.33,0.00%,0,0,A-9_new_1.5.pdf.trc
16,8,4,Round Robin,2048,20,9,512,5376,21,1.49,490514,466978,23536,2048,21488,95.20%,4.80%,4.04,0.00%,0,0,Corruption2.trc
16,8,4,Random,2048,20,9,512,5376,21,1.49,413303,372438,40865,2048,38817,90.11%,9.89%,4.41,0.00%,0,0,A-10_new_1.5_a.pdf.trc
16,8,4,Random,2048,20,9,512,5376,21,1.49,420288,356001,64287,2048,62239,84.70%,15.30%,4.88,0.00%,0,0,A-9_new_1.5.pdf.trc
16,8,4,Random,2048,20,9,512,5376,21,1.49,490514,447411,43103,2048,41055,91.21%,8.79%,4.38,0.00%,0,0,Corruption2.trc
16,8,8,Round Robin,2048,21,8,256,5632,21,1.51,413303,390863,22440,2048,20392,94.57%,5.43%,4.04,0.00%,0,0,A-10_new_1.5_a.pdf.trc
16,8,8,Round Robin,2048,21,8,256,5632,21,1.51,420288,385012,35276,2048,33228,91.61%,8.39%,4.3,0.00%,0,0,A-9_new_1.5.pdf.trc
16,8,8,Round Robin,2048,21,8,256,5632,21,1.51,490514,467720,22794,2048,20746,95.35%,4.65%,4.03,0.00%,0,0,Corruption2.trc
16,8,8,Random,2048,21,8,256,5632,21,1.51,413303,362969,50334,2048,48286,87.82%,12.18%,4.6,0.00%,0,0,A-10_new_1.5_a.pdf.trc
16,8,8,Random,2048,21,8,256,5632,21,1.51,420288,346476,73812,2048,71764,82.44%,17.56%,5.07,0.00%,0,0,A-9_new_1.5.pdf.trc
16,8,8,Random,2048,21,8,256,5632,21,1.51,490514,436947,53567,2048,51519,89.08%,10.92%,4.56,0.00%,0,0,Corruption2.trc
16,16,2,Round Robin,1024,19,9,512,2560,18,1.3,377255,360056,17199,1024,16175,95.44%,4.56%,4.02,0.00%,0,0,A-10_new_1.5_a.pdf.trc
16,16,2,Round Robin,1024,19,9,512,2560,18,1.3,387850,362116,25734,1024,24710,93.36%,6.64%,4.42,0.00%,0,0,A-9_new_1.5.pdf.trc
16,16,2,Round Robin,1024,19,9,512,2560,18,1.3,446309,428343,17966,1024,16942,95.97%,4.03%,3.97,0.00%,0,0,Corruption2.trc
16,16,2,Random,1024,19,9,512,2560,18,1.3,377255,353096,24159,1024,23135,93.60%,6.40%,4.32,0.00%,0,0,A-10_new_1.5_a.pdf.trc
16,16,2,Random,1024,19,9,512,2560,18,1.3,387850,353083,34767,1024,33743,91.04%,8.96%,4.81,0.00%,0,0,A-9_new_1.5.pdf.trc
16,16,2,Random,1024,19,9,512,2560,18,1.3,446309,419953,26356,1024,25332,94.09%,5.91%,4.29,0.00%,0,0,Corruption2.trc
16,16,4,Round Robin,1024,20,8,256,2688,18,1.3,377255,361597,15658,1024,14634,95.85%,4.15%,3.95,0.00%,0,0,A-10_new_1.5_a.pdf.trc
16,16,4,Round Robin,1024,20,8,256,2688,18,1.3,387850,364118,23732,1024,22708,93.88%,6.12%,4.34,0.00%,0,0,A-9_new_1.5.pdf.trc
16,16,4,Round Robin,1024,20,8,256,2688,18,1.3,446309,429678,16631,1024,15607,96.27%,3.73%,3.93,0.00%,0,0,Corruption2.trc
16,16,4,Random,1024,20,8,256,2688,18,1.3,377255,348935,28320,1024,27296,92.49%,7.51%,4.5,0.00%,0,0,A-10_new_1.5_a.pdf.trc
16,16,4,Random,1024,20,8,256,2688,18,1.3,387850,344575,43275,1024,42251,88.84%,11.16%,5.17,0.00%,0,0,A-9_new_1.5.pdf.trc
16,16,4,Random,1024,20,8,256,2688,18,1.3,446309,414507,31802,1024,30778,92.87%,7.13%,4.49,0.00%,0,0,Corruption2.trc
16,16,8,Round Robin,1024,21,7,128,2816,18,1.31,377255,362267,14988,1024,13964,96.03%,3.97%,3.92,0.00%,0,0,A-10_new_1.5_a.pdf.trc
16,16,8,Round Robin,1024,21,7,128,2816,18,1.31,387850,365140,22710,1024,21686,94.14%,5.86%,4.29,0.00%,0,0,A-9_new_1.5.pdf.trc
16,16,8,Round Robin,1024,21,7,128,2816,18,1.31,446309,430097,16212,1024,15188,96.37%,3.63%,3.91,0.00%,0,0,Corruption2.trc
16,16,8,Random,1024,21,7,128,2816,18,1.31,377255,340625,36630,1024,35606,90.29%,9.71%,4.86,0.00%,0,0,A-10_new_1.5_a.pdf.trc
16,16,8,Random,1024,21,7,128,2816,18,1.31,387850,337249,50601,1024,49577,86.95%,13.05%,5.49,0.00%,0,0,A-9_new_1.5.pdf.trc
16,16,8,Random,1024,21,7,128,2816,18,1.31,446309,405806,40503,1024,39479,90.92%,9.08%,4.81,0.00%,0,0,Corruption2.trc
16,32,2,Round Robin,512,19,8,256,1280,17,1.21,361364,349043,12321,512,11809,96.59%,3.41%,4.24,0.00%,0,0,A-10_new_1.5_a.pdf.trc
16,32,2,Round Robin,512,19,8,256,1280,17,1.21,373450,355231,18219,512,17707,95.12%,4.88%,4.81,0.00%,0,0,A-9_new_1.5.pdf.trc
16,32,2,Round Robin,512,19,8,256,1280,17,1.21,425395,413339,12056,512,11544,97.17%,2.83%,4.08,0.00%,0,0,Corruption2.trc
16,32,2,Random,512,19,8,256,1280,17,1.21,361364,342722,18642,512,18130,94.84%,5.16%,4.8,0.00%,0,0,A-10_new_1.5_a.pdf.trc
16,32,2,Random,512,19,8,256,1280,17,1.21,373450,347423,26027,512,25515,93.03%,6.97%,5.5,0.00%,0,0,A-9_new_1.5.pdf.trc
16,32,2,Random,512,19,8,256,1280,17,1.21,425395,406122,19273,512,18761,95.47%,4.53%,4.63,0.00%,0,0,Corruption2.trc
16,32,4,Round Robin,512,20,7,128,1344,17,1.21,361364,350112,11252,512,10740,96.89%,3.11%,4.14,0.00%,0,0,A-10_new_1.5_a.pdf.trc
16,32,4,Round Robin,512,20,7,128,1344,17,1.21,373450,356720,16730,512,16218,95.52%,4.48%,4.68,0.00%,0,0,A-9_new_1.5.pdf.trc
16,32,4,Round Robin,512,20,7,128,1344,17,1.21,425395,414318,11077,512,10565,97.40%,2.60%,4,0.00%,0,0,Corruption2.trc
16,32,4,Random,512,20,7,128,1344,17,1.21,361364,339785,21579,512,21067,94.03%,5.97%,5.07,0.00%,0,0,A-10_new_1.5_a.pdf.trc
16,32,4,Random,512,20,7,128,1344,17,1.21,373450,340854,32596,512,32084,91.27%,8.73%,6.08,0.00%,0,0,A-9_new_1.5.pdf.trc
16,32,4,Random,512,20,7,128,1344,17,1.21,425395,401633,23762,512,23250,94.41%,5.59%,4.97,0.00%,0,0,Corruption2.trc
16,32,8,Round Robin,512,21,6,64,1408,17,1.22,361364,350450,10914,512,10402,96.98%,3.02%,4.11,0.00%,0,0,A-10_new_1.5_a.pdf.trc
16,32,8,Round Robin,512,21,6,64,1408,17,1.22,373450,357546,15904,512,15392,95.74%,4.26%,4.6,0.00%,0,0,A-9_new_1.5.pdf.trc
16,32,8,Round Robin,512,21,6,64,1408,17,1.22,425395,414559,10836,512,10324,97.45%,2.55%,3.98,0.00%,0,0,Corruption2.trc
16,32,8,Random,512,21,6,64,1408,17,1.22,361364,331832,29532,512,29020,91.83%,8.17%,5.78,0.00%,0,0,A-10_new_1.5_a.pdf.trc
16,32,8,Random,512,21,6,64,1408,17,1.22,373450,334523,38927,512,38415,89.58%,10.42%,6.64,0.00%,0,0,A-9_new_1.5.pdf.trc
16,32,8,Random,512,21,6,64,1408,17,1.22,425395,393431,31964,512,31452,92.49%,7.51%,5.6,0.00%,0,0,Corruption2.trc
16,64,2,Round Robin,256,19,7,128,640,16,1.16,354809,344777,10032,256,9776,97.17%,2.83%,4.9,0.00%,0,0,A-10_new_1.5_a.pdf.trc
16,64,2,Round Robin,256,19,7,128,640,16,1.16,366344,351422,14922,256,14666,95.93%,4.07%,5.82,0.00%,0,0,A-9_new_1.5.pdf.trc
16,64,2,Round Robin,256,19,7,128,640,16,1.16,417698,408601,9097,256,8841,97.82%,2.18%,4.51,0.00%,0,0,Corruption2.trc
16,64,2,Random,256,19,7,128,640,16,1.16,354809,338000,16809,256,16553,95.26%,4.74%,6.14,0.00%,0,0,A-10_new_1.5_a.pdf.trc
16,64,2,Random,256,19,7,128,640,16,1.16,366344,343823,22521,256,22265,93.85%,6.15%,7.18,0.00%,0,0,A-9_new_1.5.pdf.trc
16,64,2,Random,256,19,7,128,640,16,1.16,417698,400728,16970,256,16714,95.94%,4.06%,5.74,0.00%,0,0,Corruption2.trc
16,64,4,Round Robin,256,20,6,64,672,16,1.17,354809,345405,9404,256,9148,97.35%,2.65%,4.79,0.00%,0,0,A-10_new_1.5_a.pdf.trc
16,64,4,Round Robin,256,20,6,64,672,16,1.17,366344,352843,13501,256,13245,96.31%,3.69%,5.56,0.00%,0,0,A-9_new_1.5.pdf.trc
16,64,4,Round Robin,256,20,6,64,672,16,1.17,417698,409236,8462,256,8206,97.97%,2.03%,4.41,0.00%,0,0,Corruption2.trc
16,64,4,Random,256,20,6,64,672,16,1.17,354809,334658,20151,256,19895,94.32%,5.68%,6.74,0.00%,0,0,A-10_new_1.5_a.pdf.trc
16,64,4,Random,256,20,6,64,672,16,1.17,366344,336254,30090,256,29834,91.79%,8.21%,8.54,0.00%,0,0,A-9_new_1.5.pdf.trc
16,64,4,Random,256,20,6,64,672,16,1.17,417698,395729,21969,256,21713,94.74%,5.26%,6.52,0.00%,0,0,Corruption2.trc
16,64,8,Round Robin,256,21,5,32,704,16,1.17,354809,345964,8845,256,8589,97.51%,2.49%,4.69,0.00%,0,0,A-10_new_1.5_a.pdf.trc
16,64,8,Round Robin,256,21,5,32,704,16,1.17,366344,353930,12414,256,12158,96.61%,3.39%,5.37,0.00%,0,0,A-9_new_1.5.pdf.trc
16,64,8,Round Robin,256,21,5,32,704,16,1.17,417698,409846,7852,256,7596,98.12%,1.88%,4.32,0.00%,0,0,Corruption2.trc
16,64,8,Random,256,21,5,32,704,16,1.17,354809,326908,27901,256,27645,92.14%,7.86%,8.15,0.00%,0,0,A-10_new_1.5_a.pdf.trc
16,64,8,Random,256,21,5,32,704,16,1.17,366344,331074,35270,256,35014,90.37%,9.63%,9.48,0.00%,0,0,A-9_new_1.5.pdf.trc
16,64,8,Random,256,21,5,32,704,16,1.17,417698,386636,31062,256,30806,92.56%,7.44%,7.93,0.00%,0,0,Corruption2.trc
32,4,2,Round Robin,8192,18,12,4096,19456,51,3.57,475872,443537,32335,8148,24187,93.21%,6.79%,4.41,0.59%,44,0.02,A-10_new_1.5_a.pdf.trc
32,4,2,Round Robin,8192,18,12,4096,19456,51,3.57,482641,430303,52338,8191,44147,89.16%,10.84%,4.58,0.01%,1,0,A-9_new_1.5.pdf.trc
32,4,2,Round Robin,8192,18,12,4096,19456,51,3.57,580244,547919,32325,8085,24240,94.43%,5.57%,4.54,1.43%,107,0.05,Corruption2.trc
32,4,2,Random,8192,18,12,4096,19456,51,3.57,475872,432977,42895,8148,34747,90.99%,9.01%,4.5,0.59%,44,0.02,A-10_new_1.5_a.pdf.trc
32,4,2,Random,8192,18,12,4096,19456,51,3.57,482641,418036,64605,8191,56414,86.61%,13.39%,4.68,0.01%,1,0,A-9_new_1.5.pdf.trc
32,4,2,Random,8192,18,12,4096,19456,51,3.57,580244,535414,44830,8085,36745,92.27%,7.73%,4.63,1.43%,107,0.05,Corruption2.trc
32,4,4,Round Robin,8192,19,11,2048,20480,52,3.64,475872,445616,30256,8190,22066,93.64%,6.36%,4.39,0.03%,2,0,A-10_new_1.5_a.pdf.trc
32,4,4,Round Robin,8192,19,11,2048,20480,52,3.64,482641,433811,48830,8192,40638,89.88%,10.12%,4.55,0.00%,0,0,A-9_new_1.5.pdf.trc
32,4,4,Round Robin,8192,19,11,2048,20480,52,3.64,580244,549827,30417,8184,22233,94.76%,5.24%,4.53,0.11%,8,0,Corruption2.trc
32,4,4,Random,8192,19,11,2048,20480,52,3.64,475872,427238,48634,8190,40444,89.78%,10.22%,4.55,0.03%,2,0,A-10_new_1.5_a.pdf.trc
32,4,4,Random,8192,19,11,2048,20480,52,3.64,482641,409167,73474,8192,65282,84.78%,15.22%,4.76,0.00%,0,0,A-9_new_1.5.pdf.trc
32,4,4,Random,8192,19,11,2048,20480,52,3.64,580244,531241,49003,8184,40819,91.55%,8.45%,4.67,0.11%,8,0,Corruption2.trc
32,4,8,Round Robin,8192,20,10,1024,21504,53,3.71,475872,447097,28775,8192,20583,93.95%,6.05%,4.37,0.00%,0,0,A-10_new_1.5_a.pdf.trc
32,4,8,Round Robin,8192,20,10,1024,21504,53,3.71,482641,435679,46962,8192,38770,90.27%,9.73%,4.53,0.00%,0,0,A-9_new_1.5.pdf.trc
32,4,8,Round Robin,8192,20,10,1024,21504,53,3.71,580244,550959,29285,8192,21093,94.95%,5.05%,4.52,0.00%,0,0,Corruption2.trc
32,4,8,Random,8192,20,10,1024,21504,53,3.71,475872,418433,57439,8192,49247,87.93%,12.07%,4.62,0.00%,0,0,A-10_new_1.5_a.pdf.trc
32,4,8,Random,8192,20,10,1024,21504,53,3.71,482641,390748,91893,8192,83701,80.96%,19.04%,4.92,0.00%,0,0,A-9_new_1.5.pdf.trc
32,4,8,Random,8192,20,10,1024,21504,53,3.71,580244,521036,59208,8192,51016,89.80%,10.20%,4.74,0.00%,0,0,Corruption2.trc
32,8,2,Round Robin,4096,18,11,2048,9728,41,2.91,413303,393929,19374,4089,15285,95.31%,4.69%,3.97,0.18%,7,0.01,A-10_new_1.5_a.pdf.trc
32,8,2,Round Robin,4096,18,11,2048,9728,41,2.91,420288,389453,30835,4096,26739,92.66%,7.34%,4.21,0.00%,0,0,A-9_new_1.5.pdf.trc
32,8,2,Round Robin,4096,18,11,2048,9728,41,2.91,490514,470322,20192,4072,16120,95.88%,4.12%,3.99,0.63%,24,0.02,Corruption2.trc
32,8,2,Random,4096,18,11,2048,9728,41,2.91,413303,387009,26294,4089,22205,93.64%,6.36%,4.11,0.18%,7,0.01,A-10_new_1.5_a.pdf.trc
32,8,2,Random,4096,18,11,2048,9728,41,2.91,420288,381610,38678,4096,34582,90.80%,9.20%,4.37,0.00%,0,0,A-9_new_1.5.pdf.trc
32,8,2,Random,4096,18,11,2048,9728,41,2.91,490514,461651,28863,4072,24791,94.12%,5.88%,4.14,0.63%,24,0.02,Corruption2.trc
32,8,4,Round Robin,4096,19,10,1024,10240,42,2.94,413303,395321,17982,4095,13887,95.65%,4.35%,3.95,0.03%,1,0,A-10_new_1.5_a.pdf.trc
32,8,4,Round Robin,4096,19,10,1024,10240,42,2.94,420288,391725,28563,4096,24467,93.20%,6.80%,4.17,0.00%,0,0,A-9_new_1.5.pdf.trc
32,8,4,Round Robin,4096,19,10,1024,10240,42,2.94,490514,471513,19001,4096,14905,96.13%,3.87%,3.97,0.00%,0,0,Corruption2.trc
32,8,4,Random,4096,19,10,1024,10240,42,2.94,413303,383035,30268,4095,26173,92.68%,7.32%,4.2,0.03%,1,0,A-10_new_1.5_a.pdf.trc
32,8,4,Random,4096,19,10,1024,10240,42,2.94,420288,375228,45060,4096,40964,89.28%,10.72%,4.5,0.00%,0,0,A-9_new_1.5.pdf.trc
32,8,4,Random,4096,19,10,1024,10240,42,2.94,490514,457907,32607,4096,28511,93.35%,6.65%,4.2,0.00%,0,0,Corruption2.trc
32,8,8,Round Robin,4096,20,9,512,10752,42,2.98,413303,396238,17065,4096,12969,95.87%,4.13%,3.93,0.00%,0,0,A-10_new_1.5_a.pdf.trc
32,8,8,Round Robin,4096,20,9,512,10752,42,2.98,420288,392976,27312,4096,23216,93.50%,6.50%,4.14,0.00%,0,0,A-9_new_1.5.pdf.trc
32,8,8,Round Robin,4096,20,9,512,10752,42,2.98,490514,472297,18217,4096,14121,96.29%,3.71%,3.95,0.00%,0,0,Corruption2.trc
32,8,8,Random,4096,20,9,512,10752,42,2.98,413303,377456,35847,4096,31751,91.33%,8.67%,4.31,0.00%,0,0,A-10_new_1.5_a.pdf.trc
32,8,8,Random,4096,20,9,512,10752,42,2.98,420288,364028,56260,4096,52164,86.61%,13.39%,4.72,0.00%,0,0,A-9_new_1.5.pdf.trc
32,8,8,Random,4096,20,9,512,10752,42,2.98,490514,451641,38873,4096,34777,92.08%,7.92%,4.31,0.00%,0,0,Corruption2.trc
32,16,2,Round Robin,2048,18,10,1024,4864,36,2.57,377255,364726,12529,2048,10481,96.68%,3.32%,3.81,0.00%,0,0,A-10_new_1.5_a.pdf.trc
32,16,2,Round Robin,2048,18,10,1024,4864,36,2.57,387850,368441,19409,2048,17361,95.00%,5.00%,4.15,0.00%,0,0,A-9_new_1.5.pdf.trc
32,16,2,Round Robin,2048,18,10,1024,4864,36,2.57,446309,432352,13957,2048,11909,96.87%,3.13%,3.83,0.00%,0,0,Corruption2.trc
32,16,2,Random,2048,18,10,1024,4864,36,2.57,377255,359749,17506,2048,15458,95.36%,4.64%,4.03,0.00%,0,0,A-10_new_1.5_a.pdf.trc
32,16,2,Random,2048,18,10,1024,4864,36,2.57,387850,362753,25097,2048,23049,93.53%,6.47%,4.39,0.00%,0,0,A-9_new_1.5.pdf.trc
32,16,2,Random,2048,18,10,1024,4864,36,2.57,446309,425524,20785,2048,18737,95.34%,4.66%,4.08,0.00%,0,0,Corruption2.trc
32,16,4,Round Robin,2048,19,9,512,5120,37,2.59,377255,365836,11419,2048,9371,96.97%,3.03%,3.77,0.00%,0,0,A-10_new_1.5_a.pdf.trc
32,16,4,Round Robin,2048,19,9,512,5120,37,2.59,387850,370188,17662,2048,15614,95.45%,4.55%,4.08,0.00%,0,0,A-9_new_1.5.pdf.trc
32,16,4,Round Robin,2048,19,9,512,5120,37,2.59,446309,433246,13063,2048,11015,97.07%,2.93%,3.79,0.00%,0,0,Corruption2.trc
32,16,4,Random,2048,19,9,512,5120,37,2.59,377255,356839,20416,2048,18368,94.59%,5.41%,4.16,0.00%,0,0,A-10_new_1.5_a.pdf.trc
32,16,4,Random,2048,19,9,512,5120,37,2.59,387850,357840,30010,2048,27962,92.26%,7.74%,4.6,0.00%,0,0,A-9_new_1.5.pdf.trc
32,16,4,Random,2048,19,9,512,5120,37,2.59,446309,422398,23911,2048,21863,94.64%,5.36%,4.2,0.00%,0,0,Corruption2.trc
32,16,8,Round Robin,2048,20,8,256,5376,37,2.61,377255,366353,10902,2048,8854,97.11%,2.89%,3.74,0.00%,0,0,A-10_new_1.5_a.pdf.trc
32,16,8,Round Robin,2048,20,8,256,5376,37,2.61,387850,370931,16919,2048,14871,95.64%,4.36%,4.04,0.00%,0,0,A-9_new_1.5.pdf.trc
32,16,8,Round Robin,2048,20,8,256,5376,37,2.61,446309,433653,12656,2048,10608,97.16%,2.84%,3.78,0.00%,0,0,Corruption2.trc
32,16,8,Random,2048,20,8,256,5376,37,2.61,377255,352537,24718,2048,22670,93.45%,6.55%,4.34,0.00%,0,0,A-10_new_1.5_a.pdf.trc
32,16,8,Random,2048,20,8,256,5376,37,2.61,387850,350257,37593,2048,35545,90.31%,9.69%,4.93,0.00%,0,0,A-9_new_1.5.pdf.trc
32,16,8,Random,2048,20,8,256,5376,37,2.61,446309,417508,28801,2048,26753,93.55%,6.45%,4.38,0.00%,0,0,Corruption2.trc
32,32,2,Round Robin,1024,18,9,512,2432,34,2.41,361364,352588,8776,1024,7752,97.57%,2.43%,3.92,0.00%,0,0,A-10_new_1.5_a.pdf.trc
32,32,2,Round Robin,1024,18,9,512,2432,34,2.41,373450,360084,13366,1024,12342,96.42%,3.58%,4.38,0.00%,0,0,A-9_new_1.5.pdf.trc
32,32,2,Round Robin,1024,18,9,512,2432,34,2.41,425395,416427,8968,1024,7944,97.89%,2.11%,3.84,0.00%,0,0,Corruption2.trc
32,32,2,Random,1024,18,9,512,2432,34,2.41,361364,348721,12643,1024,11619,96.50%,3.50%,4.27,0.00%,0,0,A-10_new_1.5_a.pdf.trc
32,32,2,Random,1024,18,9,512,2432,34,2.41,373450,355542,17908,1024,16884,95.20%,4.80%,4.78,0.00%,0,0,A-9_new_1.5.pdf.trc
32,32,2,Random,1024,18,9,512,2432,34,2.41,425395,410700,14695,1024,13671,96.55%,3.45%,4.28,0.00%,0,0,Corruption2.trc
32,32,4,Round Robin,1024,19,8,256,2560,34,2.42,361364,353537,7827,1024,6803,97.83%,2.17%,3.83,0.00%,0,0,A-10_new_1.5_a.pdf.trc
32,32,4,Round Robin,1024,19,8,256,2560,34,2.42,373450,361577,11873,1024,10849,96.82%,3.18%,4.25,0.00%,0,0,A-9_new_1.5.pdf.trc
32,32,4,Round Robin,1024,19,8,256,2560,34,2.42,425395,417131,8264,1024,7240,98.06%,1.94%,3.79,0.00%,0,0,Corruption2.trc
32,32,4,Random,1024,19,8,256,2560,34,2.42,361364,346214,15150,1024,14126,95.81%,4.19%,4.49,0.00%,0,0,A-10_new_1.5_a.pdf.trc
32,32,4,Random,1024,19,8,256,2560,34,2.42,373450,351516,21934,1024,20910,94.13%,5.87%,5.14,0.00%,0,0,A-9_new_1.5.pdf.trc
32,32,4,Random,1024,19,8,256,2560,34,2.42,425395,407945,17450,1024,16426,95.90%,4.10%,4.49,0.00%,0,0,Corruption2.trc
32,32,8,Round Robin,1024,20,7,128,2688,34,2.42,361364,353900,7464,1024,6440,97.93%,2.07%,3.8,0.00%,0,0,A-10_new_1.5_a.pdf.trc
32,32,8,Round Robin,1024,20,7,128,2688,34,2.42,373450,362021,11429,1024,10405,96.94%,3.06%,4.21,0.00%,0,0,A-9_new_1.5.pdf.trc
32,32,8,Round Robin,1024,20,7,128,2688,34,2.42,425395,417413,7982,1024,6958,98.12%,1.88%,3.77,0.00%,0,0,Corruption2.trc
32,32,8,Random,1024,20,7,128,2688,34,2.42,361364,342593,18771,1024,17747,94.81%,5.19%,4.81,0.00%,0,0,A-10_new_1.5_a.pdf.trc
32,32,8,Random,1024,20,7,128,2688,34,2.42,373450,345624,27826,1024,26802,92.55%,7.45%,5.66,0.00%,0,0,A-9_new_1.5.pdf.trc
32,32,8,Random,1024,20,7,128,2688,34,2.42,425395,403488,21907,1024,20883,94.85%,5.15%,4.83,0.00%,0,0,Corruption2.trc
32,64,2,Round Robin,512,18,8,256,1216,33,2.32,354809,347865,6944,512,6432,98.04%,1.96%,4.34,0.00%,0,0,A-10_new_1.5_a.pdf.trc
32,64,2,Round Robin,512,18,8,256,1216,33,2.32,366344,355923,10421,512,9909,97.16%,2.84%,5.01,0.00%,0,0,A-9_new_1.5.pdf.trc
32,64,2,Round Robin,512,18,8,256,1216,33,2.32,417698,411083,6615,512,6103,98.42%,1.58%,4.13,0.00%,0,0,Corruption2.trc
32,64,2,Random,512,18,8,256,1216,33,2.32,354809,344086,10723,512,10211,96.98%,3.02%,5.03,0.00%,0,0,A-10_new_1.5_a.pdf.trc
32,64,2,Random,512,18,8,256,1216,33,2.32,366344,351583,14761,512,14249,95.97%,4.03%,5.79,0.00%,0,0,A-9_new_1.5.pdf.trc
32,64,2,Random,512,18,8,256,1216,33,2.32,417698,405107,12591,512,12079,96.99%,3.01%,5.06,0.00%,0,0,Corruption2.trc
32,64,4,Round Robin,512,19,7,128,1280,33,2.33,354809,348785,6024,512,5512,98.30%,1.70%,4.17,0.00%,0,0,A-10_new_1.5_a.pdf.trc
32,64,4,Round Robin,512,19,7,128,1280,33,2.33,366344,357257,9087,512,8575,97.52%,2.48%,4.77,0.00%,0,0,A-9_new_1.5.pdf.trc
32,64,4,Round Robin,512,19,7,128,1280,33,2.33,417698,411844,5854,512,5342,98.60%,1.40%,4.01,0.00%,0,0,Corruption2.trc
32,64,4,Random,512,19,7,128,1280,33,2.33,354809,341602,13207,512,12695,96.28%,3.72%,5.48,0.00%,0,0,A-10_new_1.5_a.pdf.trc
32,64,4,Random,512,19,7,128,1280,33,2.33,366344,347606,18738,512,18226,94.89%,5.11%,6.5,0.00%,0,0,A-9_new_1.5.pdf.trc
32,64,4,Random,512,19,7,128,1280,33,2.33,417698,402253,15445,512,14933,96.30%,3.70%,5.5,0.00%,0,0,Corruption2.trc
32,64,8,Round Robin,512,20,6,64,1344,33,2.33,354809,349107,5702,512,5190,98.39%,1.61%,4.11,0.00%,0,0,A-10_new_1.5_a.pdf.trc
32,64,8,Round Robin,512,20,6,64,1344,33,2.33,366344,357528,8816,512,8304,97.59%,2.41%,4.72,0.00%,0,0,A-9_new_1.5.pdf.trc
32,64,8,Round Robin,512,20,6,64,1344,33,2.33,417698,412112,5586,512,5074,98.66%,1.34%,3.97,0.00%,0,0,Corruption2.trc
32,64,8,Random,512,20,6,64,1344,33,2.33,354809,337787,17022,512,16510,95.20%,4.80%,6.17,0.00%,0,0,A-10_new_1.5_a.pdf.trc
32,64,8,Random,512,20,6,64,1344,33,2.33,366344,342019,24325,512,23813,93.36%,6.64%,7.51,0.00%,0,0,A-9_new_1.5.pdf.trc
32,64,8,Random,512,20,6,64,1344,33,2.33,417698,397571,20127,512,19615,95.18%,4.82%,6.23,0.00%,0,0,Corruption2.trc
64,4,2,Round Robin,16384,17,13,8192,36864,100,7,475872,447566,28306,14765,13541,94.05%,5.95%,4.37,11.07%,1619,0.77,A-10_new_1.5_a.pdf.trc
64,4,2,Round Robin,16384,17,13,8192,36864,100,7,482641,437690,44951,15923,29028,90.69%,9.31%,4.52,3.15%,461,0.22,A-9_new_1.5.pdf.trc
64,4,2,Round Robin,16384,17,13,8192,36864,100,7,580244,551777,28467,14747,13720,95.09%,4.91%,4.51,11.19%,1637,0.78,Corruption2.trc
64,4,2,Random,16384,17,13,8192,36864,100,7,475872,442879,32993,14765,18228,93.07%,6.93%,4.41,11.07%,1619,0.77,A-10_new_1.5_a.pdf.trc
64,4,2,Random,16384,17,13,8192,36864,100,7,482641,432160,50481,15923,34558,89.54%,10.46%,4.56,3.15%,461,0.22,A-9_new_1.5.pdf.trc
64,4,2,Random,16384,17,13,8192,36864,100,7,580244,549075,31169,14747,16422,94.63%,5.37%,4.53,11.19%,1637,0.78,Corruption2.trc
64,4,4,Round Robin,16384,18,12,4096,38912,102,7.14,475872,448275,27597,15766,11831,94.20%,5.80%,4.36,4.14%,618,0.3,A-10_new_1.5_a.pdf.trc
64,4,4,Round Robin,16384,18,12,4096,38912,102,7.14,482641,439828,42813,16343,26470,91.13%,8.87%,4.5,0.27%,41,0.02,A-9_new_1.5.pdf.trc
64,4,4,Round Robin,16384,18,12,4096,38912,102,7.14,580244,552103,28141,15408,12733,95.15%,4.85%,4.51,6.54%,976,0.47,Corruption2.trc
64,4,4,Random,16384,18,12,4096,38912,102,7.14,475872,439361,36511,15766,20745,92.33%,7.67%,4.44,4.14%,618,0.3,A-10_new_1.5_a.pdf.trc
64,4,4,Random,16384,18,12,4096,38912,102,7.14,482641,426334,56307,16343,39964,88.33%,11.67%,4.61,0.27%,41,0.02,A-9_new_1.5.pdf.trc
64,4,4,Random,16384,18,12,4096,38912,102,7.14,580244,543338,36906,15408,21498,93.64%,6.36%,4.58,6.54%,976,0.47,Corruption2.trc
64,4,8,Round Robin,16384,19,11,2048,40960,104,7.28,475872,448662,27210,16199,11011,94.28%,5.72%,4.36,1.22%,185,0.09,A-10_new_1.5_a.pdf.trc
64,4,8,Round Robin,16384,19,11,2048,40960,104,7.28,482641,441038,41603,16384,25219,91.38%,8.62%,4.49,0.00%,0,0,A-9_new_1.5.pdf.trc
64,4,8,Round Robin,16384,19,11,2048,40960,104,7.28,580244,552641,27603,15843,11760,95.24%,4.76%,4.51,3.56%,541,0.26,Corruption2.trc
64,4,8,Random,16384,19,11,2048,40960,104,7.28,475872,435296,40576,16199,24377,91.47%,8.53%,4.48,1.22%,185,0.09,A-10_new_1.5_a.pdf.trc
64,4,8,Random,16384,19,11,2048,40960,104,7.28,482641,416581,66060,16384,49676,86.31%,13.69%,4.7,0.00%,0,0,A-9_new_1.5.pdf.trc
64,4,8,Random,16384,19,11,2048,40960,104,7.28,580244,540339,39905,15843,24062,93.12%,6.88%,4.6,3.56%,541,0.26,Corruption2.trc
64,8,2,Round Robin,8192,17,12,4096,18432,82,5.74,413303,396750,16553,7629,8924,95.99%,4.01%,3.92,7.38%,563,0.42,A-10_new_1.5_a.pdf.trc
64,8,2,Round Robin,8192,17,12,4096,18432,82,5.74,420288,394505,25783,8055,17728,93.87%,6.13%,4.11,1.79%,137,0.1,A-9_new_1.5.pdf.trc
64,8,2,Round Robin,8192,17,12,4096,18432,82,5.74,490514,472985,17529,7757,9772,96.43%,3.57%,3.94,5.70%,435,0.33,Corruption2.trc
64,8,2,Random,8192,17,12,4096,18432,82,5.74,413303,393537,19766,7629,12137,95.22%,4.78%,3.98,7.38%,563,0.42,A-10_new_1.5_a.pdf.trc
64,8,2,Random,8192,17,12,4096,18432,82,5.74,420288,390744,29544,8055,21489,92.97%,7.03%,4.19,1.79%,137,0.1,A-9_new_1.5.pdf.trc
64,8,2,Random,8192,17,12,4096,18432,82,5.74,490514,470794,19720,7757,11963,95.98%,4.02%,3.98,5.70%,435,0.33,Corruption2.trc
64,8,4,Round Robin,8192,18,11,2048,19456,83,5.81,413303,397362,15941,8033,7908,96.14%,3.86%,3.91,2.06%,159,0.12,A-10_new_1.5_a.pdf.trc
64,8,4,Round Robin,8192,18,11,2048,19456,83,5.81,420288,395825,24463,8187,16276,94.18%,5.82%,4.09,0.06%,5,0,A-9_new_1.5.pdf.trc
64,8,4,Round Robin,8192,18,11,2048,19456,83,5.81,490514,473416,17098,7974,9124,96.51%,3.49%,3.93,2.82%,218,0.16,Corruption2.trc
64,8,4,Random,8192,18,11,2048,19456,83,5.81,413303,390859,22444,8033,14411,94.57%,5.43%,4.04,2.06%,159,0.12,A-10_new_1.5_a.pdf.trc
64,8,4,Random,8192,18,11,2048,19456,83,5.81,420288,386916,33372,8187,25185,92.06%,7.94%,4.26,0.06%,5,0,A-9_new_1.5.pdf.trc
64,8,4,Random,8192,18,11,2048,19456,83,5.81,490514,466404,24110,7974,16136,95.08%,4.92%,4.05,2.82%,218,0.16,Corruption2.trc
64,8,8,Round Robin,8192,19,10,1024,20480,84,5.88,413303,397784,15519,8163,7356,96.25%,3.75%,3.9,0.37%,29,0.02,A-10_new_1.5_a.pdf.trc
64,8,8,Round Robin,8192,19,10,1024,20480,84,5.88,420288,396664,23624,8192,15432,94.38%,5.62%,4.07,0.00%,0,0,A-9_new_1.5.pdf.trc
64,8,8,Round Robin,8192,19,10,1024,20480,84,5.88,490514,473770,16744,8090,8654,96.59%,3.41%,3.93,1.30%,102,0.08,Corruption2.trc
64,8,8,Random,8192,19,10,1024,20480,84,5.88,413303,387512,25791,8163,17628,93.76%,6.24%,4.1,0.37%,29,0.02,A-10_new_1.5_a.pdf.trc
64,8,8,Random,8192,19,10,1024,20480,84,5.88,420288,379960,40328,8192,32136,90.40%,9.60%,4.4,0.00%,0,0,A-9_new_1.5.pdf.trc
64,8,8,Random,8192,19,10,1024,20480,84,5.88,490514,464851,25663,8090,17573,94.77%,5.23%,4.08,1.30%,102,0.08,Corruption2.trc
64,16,2,Round Robin,4096,17,11,2048,9216,73,5.11,377255,366965,10290,3933,6357,97.27%,2.73%,3.72,4.14%,163,0.21,A-10_new_1.5_a.pdf.trc
64,16,2,Round Robin,4096,17,11,2048,9216,73,5.11,387850,372251,15599,4059,11540,95.98%,4.02%,3.99,0.94%,37,0.05,A-9_new_1.5.pdf.trc
64,16,2,Round Robin,4096,17,11,2048,9216,73,5.11,446309,434571,11738,4092,7646,97.37%,2.63%,3.74,0.10%,4,0.01,Corruption2.trc
64,16,2,Random,4096,17,11,2048,9216,73,5.11,377255,364584,12671,3933,8738,96.64%,3.36%,3.82,4.14%,163,0.21,A-10_new_1.5_a.pdf.trc
64,16,2,Random,4096,17,11,2048,9216,73,5.11,387850,369343,18507,4059,14448,95.23%,4.77%,4.11,0.94%,37,0.05,A-9_new_1.5.pdf.trc
64,16,2,Random,4096,17,11,2048,9216,73,5.11,446309,432621,13688,4092,9596,96.93%,3.07%,3.82,0.10%,4,0.01,Corruption2.trc
64,16,4,Round Robin,4096,18,10,1024,9728,73,5.15,377255,367520,9735,4066,5669,97.42%,2.58%,3.69,0.76%,30,0.04,A-10_new_1.5_a.pdf.trc
64,16,4,Round Robin,4096,18,10,1024,9728,73,5.15,387850,373170,14680,4096,10584,96.22%,3.78%,3.95,0.00%,0,0,A-9_new_1.5.pdf.trc
64,16,4,Round Robin,4096,18,10,1024,9728,73,5.15,446309,434994,11315,4096,7219,97.46%,2.54%,3.73,0.00%,0,0,Corruption2.trc
64,16,4,Random,4096,18,10,1024,9728,73,5.15,377255,362072,15183,4066,11117,95.98%,4.02%,3.93,0.76%,30,0.04,A-10_new_1.5_a.pdf.trc
64,16,4,Random,4096,18,10,1024,9728,73,5.15,387850,366516,21334,4096,17238,94.50%,5.50%,4.23,0.00%,0,0,A-9_new_1.5.pdf.trc
64,16,4,Random,4096,18,10,1024,9728,73,5.15,446309,428091,18218,4096,14122,95.92%,4.08%,3.98,0.00%,0,0,Corruption2.trc
64,16,8,Round Robin,4096,19,9,512,10240,74,5.18,377255,367966,9289,4095,5194,97.54%,2.46%,3.67,0.03%,1,0,A-10_new_1.5_a.pdf.trc
64,16,8,Round Robin,4096,19,9,512,10240,74,5.18,387850,373805,14045,4096,9949,96.38%,3.62%,3.92,0.00%,0,0,A-9_new_1.5.pdf.trc
64,16,8,Round Robin,4096,19,9,512,10240,74,5.18,446309,435271,11038,4096,6942,97.53%,2.47%,3.72,0.00%,0,0,Corruption2.trc
64,16,8,Random,4096,19,9,512,10240,74,5.18,377255,359581,17674,4095,13579,95.32%,4.68%,4.04,0.03%,1,0,A-10_new_1.5_a.pdf.trc
64,16,8,Random,4096,19,9,512,10240,74,5.18,387850,361371,26479,4096,22383,93.17%,6.83%,4.45,0.00%,0,0,A-9_new_1.5.pdf.trc
64,16,8,Random,4096,19,9,512,10240,74,5.18,446309,427603,18706,4096,14610,95.81%,4.19%,4,0.00%,0,0,Corruption2.trc
64,32,2,Round Robin,2048,17,10,1024,4608,68,4.8,361364,354537,6827,2008,4819,98.11%,1.89%,3.74,2.01%,40,0.1,A-10_new_1.5_a.pdf.trc
64,32,2,Round Robin,2048,17,10,1024,4608,68,4.8,373450,363250,10200,2041,8159,97.27%,2.73%,4.1,0.35%,7,0.02,A-9_new_1.5.pdf.trc
64,32,2,Round Robin,2048,17,10,1024,4608,68,4.8,425395,418171,7224,2048,5176,98.30%,1.70%,3.71,0.00%,0,0,Corruption2.trc
64,32,2,Random,2048,17,10,1024,4608,68,4.8,361364,352559,8805,2008,6797,97.56%,2.44%,3.92,2.01%,40,0.1,A-10_new_1.5_a.pdf.trc
64,32,2,Random,2048,17,10,1024,4608,68,4.8,373450,360778,12672,2041,10631,96.61%,3.39%,4.32,0.35%,7,0.02,A-9_new_1.5.pdf.trc
64,32,2,Random,2048,17,10,1024,4608,68,4.8,425395,416221,9174,2048,7126,97.84%,2.16%,3.86,0.00%,0,0,Corruption2.trc
64,32,4,Round Robin,2048,18,9,512,4864,68,4.81,361364,355078,6286,2043,4243,98.26%,1.74%,3.7,0.25%,5,0.01,A-10_new_1.5_a.pdf.trc
64,32,4,Round Robin,2048,18,9,512,4864,68,4.81,373450,363993,9457,2048,7409,97.47%,2.53%,4.03,0.00%,0,0,A-9_new_1.5.pdf.trc
64,32,4,Round Robin,2048,18,9,512,4864,68,4.81,425395,418544,6851,2048,4803,98.39%,1.61%,3.68,0.00%,0,0,Corruption2.trc
64,32,4,Random,2048,18,9,512,4864,68,4.81,361364,350438,10926,2043,8883,96.98%,3.02%,4.11,0.25%,5,0.01,A-10_new_1.5_a.pdf.trc
64,32,4,Random,2048,18,9,512,4864,68,4.81,373450,358524,14926,2048,12878,96.00%,4.00%,4.52,0.00%,0,0,A-9_new_1.5.pdf.trc
64,32,4,Random,2048,18,9,512,4864,68,4.81,425395,412708,12687,2048,10639,97.02%,2.98%,4.13,0.00%,0,0,Corruption2.trc
64,32,8,Round Robin,2048,19,8,256,5120,69,4.83,361364,355378,5986,2048,3938,98.34%,1.66%,3.67,0.00%,0,0,A-10_new_1.5_a.pdf.trc
64,32,8,Round Robin,2048,19,8,256,5120,69,4.83,373450,364424,9026,2048,6978,97.58%,2.42%,4,0.00%,0,0,A-9_new_1.5.pdf.trc
64,32,8,Round Robin,2048,19,8,256,5120,69,4.83,425395,418746,6649,2048,4601,98.44%,1.56%,3.66,0.00%,0,0,Corruption2.trc
64,32,8,Random,2048,19,8,256,5120,69,4.83,361364,348324,13040,2048,10992,96.39%,3.61%,4.3,0.00%,0,0,A-10_new_1.5_a.pdf.trc
64,32,8,Random,2048,19,8,256,5120,69,4.83,373450,354503,18947,2048,16899,94.93%,5.07%,4.87,0.00%,0,0,A-9_new_1.5.pdf.trc
64,32,8,Random,2048,19,8,256,5120,69,4.83,425395,412153,13242,2048,11194,96.89%,3.11%,4.17,0.00%,0,0,Corruption2.trc
64,64,2,Round Robin,1024,17,9,512,2304,66,4.64,354809,349850,4959,1018,3941,98.60%,1.40%,3.98,0.59%,6,0.03,A-10_new_1.5_a.pdf.trc
64,64,2,Round Robin,1024,17,9,512,2304,66,4.64,366344,358954,7390,1023,6367,97.98%,2.02%,4.46,0.10%,1,0,A-9_new_1.5.pdf.trc
64,64,2,Round Robin,1024,17,9,512,2304,66,4.64,417698,412799,4899,1024,3875,98.83%,1.17%,3.86,0.00%,0,0,Corruption2.trc
64,64,2,Random,1024,17,9,512,2304,66,4.64,354809,347796,7013,1018,5995,98.02%,1.98%,4.35,0.59%,6,0.03,A-10_new_1.5_a.pdf.trc
64,64,2,Random,1024,17,9,512,2304,66,4.64,366344,356570,9774,1023,8751,97.33%,2.67%,4.89,0.10%,1,0,A-9_new_1.5.pdf.trc
64,64,2,Random,1024,17,9,512,2304,66,4.64,417698,410388,7310,1024,6286,98.25%,1.75%,4.23,0.00%,0,0,Corruption2.trc
64,64,4,Round Robin,1024,18,8,256,2432,66,4.65,354809,350318,4491,1024,3467,98.73%,1.27%,3.89,0.00%,0,0,A-10_new_1.5_a.pdf.trc
64,64,4,Round Robin,1024,18,8,256,2432,66,4.65,366344,359630,6714,1024,5690,98.17%,1.83%,4.34,0.00%,0,0,A-9_new_1.5.pdf.trc
64,64,4,Round Robin,1024,18,8,256,2432,66,4.65,417698,413197,4501,1024,3477,98.92%,1.08%,3.8,0.00%,0,0,Corruption2.trc
64,64,4,Random,1024,18,8,256,2432,66,4.65,354809,345707,9102,1024,8078,97.43%,2.57%,4.73,0.00%,0,0,A-10_new_1.5_a.pdf.trc
64,64,4,Random,1024,18,8,256,2432,66,4.65,366344,354170,12174,1024,11150,96.68%,3.32%,5.32,0.00%,0,0,A-9_new_1.5.pdf.trc
64,64,4,Random,1024,18,8,256,2432,66,4.65,417698,406412,11286,1024,10262,97.30%,2.70%,4.85,0.00%,0,0,Corruption2.trc
64,64,8,Round Robin,1024,19,7,128,2560,66,4.66,354809,350563,4246,1024,3222,98.80%,1.20%,3.85,0.00%,0,0,A-10_new_1.5_a.pdf.trc
64,64,8,Round Robin,1024,19,7,128,2560,66,4.66,366344,359966,6378,1024,5354,98.26%,1.74%,4.28,0.00%,0,0,A-9_new_1.5.pdf.trc
64,64,8,Round Robin,1024,19,7,128,2560,66,4.66,417698,413389,4309,1024,3285,98.97%,1.03%,3.77,0.00%,0,0,Corruption2.trc
64,64,8,Random,1024,19,7,128,2560,66,4.66,354809,343626,11183,1024,10159,96.85%,3.15%,5.11,0.00%,0,0,A-10_new_1.5_a.pdf.trc
64,64,8,Random,1024,19,7,128,2560,66,4.66,366344,350452,15892,1024,14868,95.66%,4.34%,5.99,0.00%,0,0,A-9_new_1.5.pdf.trc
64,64,8,Random,1024,19,7,128,2560,66,4.66,417698,405219,12479,1024,11455,97.01%,2.99%,5.04,0.00%,0,0,Corruption2.trc
128,4,2,Round Robin,32768,16,14,16384,69632,196,13.72,475872,448603,27269,20737,6532,94.27%,5.73%,4.36,41.96%,12031,5.76,A-10_new_1.5_a.pdf.trc
128,4,2,Round Robin,32768,16,14,16384,69632,196,13.72,482641,440903,41738,26260,15478,91.35%,8.65%,4.49,22.70%,6508,3.11,A-9_new_1.5.pdf.trc
128,4,2,Round Robin,32768,16,14,16384,69632,196,13.72,580244,552762,27482,21620,5862,95.26%,4.74%,4.51,38.88%,11148,5.33,Corruption2.trc
128,4,2,Random,32768,16,14,16384,69632,196,13.72,475872,447095,28777,20737,8040,93.95%,6.05%,4.37,41.96%,12031,5.76,A-10_new_1.5_a.pdf.trc
128,4,2,Random,32768,16,14,16384,69632,196,13.72,482641,439079,43562,26260,17302,90.97%,9.03%,4.5,22.70%,6508,3.11,A-9_new_1.5.pdf.trc
128,4,2,Random,32768,16,14,16384,69632,196,13.72,580244,551747,28497,21620,6877,95.09%,4.91%,4.51,38.88%,11148,5.33,Corruption2.trc
128,4,4,Round Robin,32768,17,13,8192,73728,200,14,475872,449386,26486,23023,3463,94.43%,5.57%,4.35,33.31%,9745,4.66,A-10_new_1.5_a.pdf.trc
128,4,4,Round Robin,32768,17,13,8192,73728,200,14,482641,442225,40416,28595,11821,91.63%,8.37%,4.48,14.26%,4173,2,A-9_new_1.5.pdf.trc
128,4,4,Round Robin,32768,17,13,8192,73728,200,14,580244,553283,26961,23349,3612,95.35%,4.65%,4.5,32.19%,9419,4.51,Corruption2.trc
128,4,4,Random,32768,17,13,8192,73728,200,14,475872,447764,28108,23023,5085,94.09%,5.91%,4.37,33.31%,9745,4.66,A-10_new_1.5_a.pdf.trc
128,4,4,Random,32768,17,13,8192,73728,200,14,482641,438422,44219,28595,15624,90.84%,9.16%,4.51,14.26%,4173,2,A-9_new_1.5.pdf.trc
128,4,4,Random,32768,17,13,8192,73728,200,14,580244,552253,27991,23349,4642,95.18%,4.82%,4.51,32.19%,9419,4.51,Corruption2.trc
128,4,8,Round Robin,32768,18,12,4096,77824,204,14.28,475872,449543,26329,24582,1747,94.47%,5.53%,4.35,27.43%,8186,3.92,A-10_new_1.5_a.pdf.trc
128,4,8,Round Robin,32768,18,12,4096,77824,204,14.28,482641,442253,40388,30645,9743,91.63%,8.37%,4.48,7.11%,2123,1.02,A-9_new_1.5.pdf.trc
128,4,8,Round Robin,32768,18,12,4096,77824,204,14.28,580244,553321,26923,24291,2632,95.36%,4.64%,4.5,28.41%,8477,4.06,Corruption2.trc
128,4,8,Random,32768,18,12,4096,77824,204,14.28,475872,448692,27180,24582,2598,94.29%,5.71%,4.36,27.43%,8186,3.92,A-10_new_1.5_a.pdf.trc
128,4,8,Random,32768,18,12,4096,77824,204,14.28,482641,434811,47830,30645,17185,90.09%,9.91%,4.54,7.11%,2123,1.02,A-9_new_1.5.pdf.trc
128,4,8,Random,32768,18,12,4096,77824,204,14.28,580244,551755,28489,24291,4198,95.09%,4.91%,4.51,28.41%,8477,4.06,Corruption2.trc
128,8,2,Round Robin,16384,16,13,8192,34816,162,11.34,413303,397527,15776,11201,4575,96.18%,3.82%,3.9,34.37%,5183,3.9,A-10_new_1.5_a.pdf.trc
128,8,2,Round Robin,16384,16,13,8192,34816,162,11.34,420288,396580,23708,13791,9917,94.36%,5.64%,4.07,17.19%,2593,1.95,A-9_new_1.5.pdf.trc
128,8,2,Round Robin,16384,16,13,8192,34816,162,11.34,490514,473757,16757,12190,4567,96.58%,3.42%,3.93,27.81%,4194,3.15,Corruption2.trc
128,8,2,Random,16384,16,13,8192,34816,162,11.34,413303,396283,17020,11201,5819,95.88%,4.12%,3.93,34.37%,5183,3.9,A-10_new_1.5_a.pdf.trc
128,8,2,Random,16384,16,13,8192,34816,162,11.34,420288,395249,25039,13791,11248,94.04%,5.96%,4.1,17.19%,2593,1.95,A-9_new_1.5.pdf.trc
128,8,2,Random,16384,16,13,8192,34816,162,11.34,490514,472839,17675,12190,5485,96.40%,3.60%,3.94,27.81%,4194,3.15,Corruption2.trc
128,8,4,Round Robin,16384,17,12,4096,36864,164,11.48,413303,398079,15224,12510,2714,96.32%,3.68%,3.89,25.38%,3874,2.91,A-10_new_1.5_a.pdf.trc
128,8,4,Round Robin,16384,17,12,4096,36864,164,11.48,420288,397492,22796,14925,7871,94.58%,5.42%,4.05,9.56%,1459,1.1,A-9_new_1.5.pdf.trc
128,8,4,Round Robin,16384,17,12,4096,36864,164,11.48,490514,474214,16300,13191,3109,96.68%,3.32%,3.92,20.91%,3193,2.4,Corruption2.trc
128,8,4,Random,16384,17,12,4096,36864,164,11.48,413303,396554,16749,12510,4239,95.95%,4.05%,3.92,25.38%,3874,2.91,A-10_new_1.5_a.pdf.trc
128,8,4,Random,16384,17,12,4096,36864,164,11.48,420288,394478,25810,14925,10885,93.86%,6.14%,4.11,9.56%,1459,1.1,A-9_new_1.5.pdf.trc
128,8,4,Random,16384,17,12,4096,36864,164,11.48,490514,473136,17378,13191,4187,96.46%,3.54%,3.94,20.91%,3193,2.4,Corruption2.trc
128,8,8,Round Robin,16384,18,11,2048,38912,166,11.62,413303,398157,15146,13462,1684,96.34%,3.66%,3.89,18.91%,2922,2.2,A-10_new_1.5_a.pdf.trc
128,8,8,Round Robin,16384,18,11,2048,38912,166,11.62,420288,397633,22655,15813,6842,94.61%,5.39%,4.05,3.70%,571,0.43,A-9_new_1.5.pdf.trc
128,8,8,Round Robin,16384,18,11,2048,38912,166,11.62,490514,474242,16272,13702,2570,96.68%,3.32%,3.92,17.36%,2682,2.02,Corruption2.trc
128,8,8,Random,16384,18,11,2048,38912,166,11.62,413303,397180,16123,13462,2661,96.10%,3.90%,3.91,18.91%,2922,2.2,A-10_new_1.5_a.pdf.trc
128,8,8,Random,16384,18,11,2048,38912,166,11.62,420288,391919,28369,15813,12556,93.25%,6.75%,4.16,3.70%,571,0.43,A-9_new_1.5.pdf.trc
128,8,8,Random,16384,18,11,2048,38912,166,11.62,490514,472513,18001,13702,4299,96.33%,3.67%,3.95,17.36%,2682,2.02,Corruption2.trc
128,16,2,Round Robin,8192,16,12,4096,17408,145,10.15,377255,367669,9586,6129,3457,97.46%,2.54%,3.69,26.40%,2063,2.68,A-10_new_1.5_a.pdf.trc
128,16,2,Round Robin,8192,16,12,4096,17408,145,10.15,387850,373818,14032,7251,6781,96.38%,3.62%,3.92,12.04%,941,1.22,A-9_new_1.5.pdf.trc
128,16,2,Round Robin,8192,16,12,4096,17408,145,10.15,446309,435204,11105,7169,3936,97.51%,2.49%,3.72,13.09%,1023,1.33,Corruption2.trc
128,16,2,Random,8192,16,12,4096,17408,145,10.15,377255,366576,10679,6129,4550,97.17%,2.83%,3.73,26.40%,2063,2.68,A-10_new_1.5_a.pdf.trc
128,16,2,Random,8192,16,12,4096,17408,145,10.15,387850,372652,15198,7251,7947,96.08%,3.92%,3.97,12.04%,941,1.22,A-9_new_1.5.pdf.trc
128,16,2,Random,8192,16,12,4096,17408,145,10.15,446309,434276,12033,7169,4864,97.30%,2.70%,3.75,13.09%,1023,1.33,Corruption2.trc
128,16,4,Round Robin,8192,17,11,2048,18432,146,10.22,377255,368105,9150,6852,2298,97.57%,2.43%,3.67,17.03%,1340,1.74,A-10_new_1.5_a.pdf.trc
128,16,4,Round Robin,8192,17,11,2048,18432,146,10.22,387850,374465,13385,7748,5637,96.55%,3.45%,3.89,5.64%,444,0.58,A-9_new_1.5.pdf.trc
128,16,4,Round Robin,8192,17,11,2048,18432,146,10.22,446309,435630,10679,7661,3018,97.61%,2.39%,3.7,6.75%,531,0.69,Corruption2.trc
128,16,4,Random,8192,17,11,2048,18432,146,10.22,377255,366526,10729,6852,3877,97.16%,2.84%,3.74,17.03%,1340,1.74,A-10_new_1.5_a.pdf.trc
128,16,4,Random,8192,17,11,2048,18432,146,10.22,387850,372071,15779,7748,8031,95.93%,4.07%,4,5.64%,444,0.58,A-9_new_1.5.pdf.trc
128,16,4,Random,8192,17,11,2048,18432,146,10.22,446309,434478,11831,7661,4170,97.35%,2.65%,3.75,6.75%,531,0.69,Corruption2.trc
128,16,8,Round Robin,8192,18,10,1024,19456,147,10.29,377255,368122,9133,7393,1740,97.58%,2.42%,3.67,10.09%,799,1.04,A-10_new_1.5_a.pdf.trc
128,16,8,Round Robin,8192,18,10,1024,19456,147,10.29,387850,374648,13202,8083,5119,96.60%,3.40%,3.89,1.38%,109,0.14,A-9_new_1.5.pdf.trc
128,16,8,Round Robin,8192,18,10,1024,19456,147,10.29,446309,435665,10644,7867,2777,97.62%,2.38%,3.7,4.10%,325,0.42,Corruption2.trc
128,16,8,Random,8192,18,10,1024,19456,147,10.29,377255,366760,10495,7393,3102,97.22%,2.78%,3.73,10.09%,799,1.04,A-10_new_1.5_a.pdf.trc
128,16,8,Random,8192,18,10,1024,19456,147,10.29,387850,369787,18063,8083,9980,95.34%,4.66%,4.09,1.38%,109,0.14,A-9_new_1.5.pdf.trc
128,16,8,Random,8192,18,10,1024,19456,147,10.29,446309,433357,12952,7867,5085,97.10%,2.90%,3.79,4.10%,325,0.42,Corruption2.trc
128,32,2,Round Robin,4096,16,11,2048,8704,136,9.56,361364,355230,6134,3350,2784,98.30%,1.70%,3.68,18.75%,746,1.78,A-10_new_1.5_a.pdf.trc
128,32,2,Round Robin,4096,16,11,2048,8704,136,9.56,373450,364599,8851,3820,5031,97.63%,2.37%,3.98,6.94%,276,0.66,A-9_new_1.5.pdf.trc
128,32,2,Round Robin,4096,16,11,2048,8704,136,9.56,425395,418695,6700,3757,2943,98.42%,1.58%,3.67,8.52%,339,0.81,Corruption2.trc
128,32,2,Random,4096,16,11,2048,8704,136,9.56,361364,354255,7109,3350,3759,98.03%,1.97%,3.77,18.75%,746,1.78,A-10_new_1.5_a.pdf.trc
128,32,2,Random,4096,16,11,2048,8704,136,9.56,373450,363554,9896,3820,6076,97.35%,2.65%,4.07,6.94%,276,0.66,A-9_new_1.5.pdf.trc
128,32,2,Random,4096,16,11,2048,8704,136,9.56,425395,417716,7679,3757,3922,98.19%,1.81%,3.74,8.52%,339,0.81,Corruption2.trc
128,32,4,Round Robin,4096,17,10,1024,9216,137,9.59,361364,355608,5756,3725,2031,98.41%,1.59%,3.65,9.26%,371,0.89,A-10_new_1.5_a.pdf.trc
128,32,4,Round Robin,4096,17,10,1024,9216,137,9.59,373450,365164,8286,3987,4299,97.78%,2.22%,3.93,2.72%,109,0.26,A-9_new_1.5.pdf.trc
128,32,4,Round Robin,4096,17,10,1024,9216,137,9.59,425395,419057,6338,3961,2377,98.51%,1.49%,3.64,3.37%,135,0.32,Corruption2.trc
128,32,4,Random,4096,17,10,1024,9216,137,9.59,361364,354027,7337,3725,3612,97.97%,2.03%,3.79,9.26%,371,0.89,A-10_new_1.5_a.pdf.trc
128,32,4,Random,4096,17,10,1024,9216,137,9.59,373450,362956,10494,3987,6507,97.19%,2.81%,4.12,2.72%,109,0.26,A-9_new_1.5.pdf.trc
128,32,4,Random,4096,17,10,1024,9216,137,9.59,425395,417822,7573,3961,3612,98.22%,1.78%,3.73,3.37%,135,0.32,Corruption2.trc
128,32,8,Round Robin,4096,18,9,512,9728,137,9.63,361364,355619,5745,3944,1801,98.41%,1.59%,3.65,3.79%,152,0.36,A-10_new_1.5_a.pdf.trc
128,32,8,Round Robin,4096,18,9,512,9728,137,9.63,373450,365334,8116,4089,4027,97.83%,2.17%,3.91,0.17%,7,0.02,A-9_new_1.5.pdf.trc
128,32,8,Round Robin,4096,18,9,512,9728,137,9.63,425395,419142,6253,4047,2206,98.53%,1.47%,3.63,1.22%,49,0.12,Corruption2.trc
128,32,8,Random,4096,18,9,512,9728,137,9.63,361364,353681,7683,3944,3739,97.87%,2.13%,3.82,3.79%,152,0.36,A-10_new_1.5_a.pdf.trc
128,32,8,Random,4096,18,9,512,9728,137,9.63,373450,360961,12489,4089,8400,96.66%,3.34%,4.3,0.17%,7,0.02,A-9_new_1.5.pdf.trc
128,32,8,Random,4096,18,9,512,9728,137,9.63,425395,416872,8523,4047,4476,98.00%,2.00%,3.81,1.22%,49,0.12,Corruption2.trc
128,64,2,Round Robin,2048,16,10,1024,4352,132,9.26,354809,350564,4245,1839,2406,98.80%,1.20%,3.85,10.36%,209,0.96,A-10_new_1.5_a.pdf.trc
128,64,2,Round Robin,2048,16,10,1024,4352,132,9.26,366344,360258,6086,1984,4102,98.34%,1.66%,4.23,3.17%,64,0.29,A-9_new_1.5.pdf.trc
128,64,2,Round Robin,2048,16,10,1024,4352,132,9.26,417698,413373,4325,1958,2367,98.96%,1.04%,3.77,4.46%,90,0.41,Corruption2.trc
128,64,2,Random,2048,16,10,1024,4352,132,9.26,354809,349406,5403,1839,3564,98.48%,1.52%,4.06,10.36%,209,0.96,A-10_new_1.5_a.pdf.trc
128,64,2,Random,2048,16,10,1024,4352,132,9.26,366344,359181,7163,1984,5179,98.04%,1.96%,4.42,3.17%,64,0.29,A-9_new_1.5.pdf.trc
128,64,2,Random,2048,16,10,1024,4352,132,9.26,417698,412117,5581,1958,3623,98.66%,1.34%,3.97,4.46%,90,0.41,Corruption2.trc
128,64,4,Round Robin,2048,17,9,512,4608,132,9.28,354809,350921,3888,1984,1904,98.90%,1.10%,3.78,3.17%,64,0.29,A-10_new_1.5_a.pdf.trc
128,64,4,Round Robin,2048,17,9,512,4608,132,9.28,366344,360797,5547,2031,3516,98.49%,1.51%,4.13,0.84%,17,0.08,A-9_new_1.5.pdf.trc
128,64,4,Round Robin,2048,17,9,512,4608,132,9.28,417698,413731,3967,2025,1942,99.05%,0.95%,3.71,1.14%,23,0.11,Corruption2.trc
128,64,4,Random,2048,17,9,512,4608,132,9.28,354809,349006,5803,1984,3819,98.36%,1.64%,4.13,3.17%,64,0.29,A-10_new_1.5_a.pdf.trc
128,64,4,Random,2048,17,9,512,4608,132,9.28,366344,358491,7853,2031,5822,97.86%,2.14%,4.55,0.84%,17,0.08,A-9_new_1.5.pdf.trc
128,64,4,Random,2048,17,9,512,4608,132,9.28,417698,412145,5553,2025,3528,98.67%,1.33%,3.96,1.14%,23,0.11,Corruption2.trc
128,64,8,Round Robin,2048,18,8,256,4864,132,9.29,354809,351012,3797,2033,1764,98.93%,1.07%,3.77,0.74%,15,0.07,A-10_new_1.5_a.pdf.trc
128,64,8,Round Robin,2048,18,8,256,4864,132,9.29,366344,360988,5356,2048,3308,98.54%,1.46%,4.1,0.00%,0,0,A-9_new_1.5.pdf.trc
128,64,8,Round Robin,2048,18,8,256,4864,132,9.29,417698,413794,3904,2045,1859,99.07%,0.93%,3.7,0.15%,3,0.01,Corruption2.trc
128,64,8,Random,2048,18,8,256,4864,132,9.29,354809,347989,6820,2033,4787,98.08%,1.92%,4.32,0.74%,15,0.07,A-10_new_1.5_a.pdf.trc
128,64,8,Random,2048,18,8,256,4864,132,9.29,366344,356700,9644,2048,7596,97.37%,2.63%,4.87,0.00%,0,0,A-9_new_1.5.pdf.trc
128,64,8,Random,2048,18,8,256,4864,132,9.29,417698,411300,6398,2045,4353,98.47%,1.53%,4.09,0.15%,3,0.01,Corruption2.trc
256,4,2,Round Robin,65536,15,15,32768,131072,384,26.88,475872,449547,26325,24132,2193,94.47%,5.53%,4.35,63.18%,41404,16.98,A-10_new_1.5_a.pdf.trc
256,4,2,Round Robin,65536,15,15,32768,131072,384,26.88,482641,442514,40127,33367,6760,91.69%,8.31%,4.47,49.09%,32169,13.19,A-9_new_1.5.pdf.trc
256,4,2,Round Robin,65536,15,15,32768,131072,384,26.88,580244,553436,26808,25183,1625,95.38%,4.62%,4.5,61.57%,40353,16.55,Corruption2.trc
256,4,2,Random,65536,15,15,32768,131072,384,26.88,475872,449335,26537,24132,2405,94.42%,5.58%,4.36,63.18%,41404,16.98,A-10_new_1.5_a.pdf.trc
256,4,2,Random,65536,15,15,32768,131072,384,26.88,482641,442035,40606,33367,7239,91.59%,8.41%,4.48,49.09%,32169,13.19,A-9_new_1.5.pdf.trc
256,4,2,Random,65536,15,15,32768,131072,384,26.88,580244,553251,26993,25183,1810,95.35%,4.65%,4.5,61.57%,40353,16.55,Corruption2.trc
256,4,4,Round Robin,65536,16,14,16384,139264,392,27.44,475872,449796,26076,25559,517,94.52%,5.48%,4.35,69.71%,39977,19.13,A-10_new_1.5_a.pdf.trc
256,4,4,Round Robin,65536,16,14,16384,139264,392,27.44,482641,442952,39689,36903,2786,91.78%,8.22%,4.47,49.93%,28633,13.7,A-9_new_1.5.pdf.trc
256,4,4,Round Robin,65536,16,14,16384,139264,392,27.44,580244,553603,26641,26303,338,95.41%,4.59%,4.5,68.42%,39233,18.77,Corruption2.trc
256,4,4,Random,65536,16,14,16384,139264,392,27.44,475872,449610,26262,25559,703,94.48%,5.52%,4.35,69.71%,39977,19.13,A-10_new_1.5_a.pdf.trc
256,4,4,Random,65536,16,14,16384,139264,392,27.44,482641,442240,40401,36903,3498,91.63%,8.37%,4.48,49.93%,28633,13.7,A-9_new_1.5.pdf.trc
256,4,4,Random,65536,16,14,16384,139264,392,27.44,580244,553440,26804,26303,501,95.38%,4.62%,4.5,68.42%,39233,18.77,Corruption2.trc
256,4,8,Round Robin,65536,17,13,8192,147456,400,28,475872,449892,25980,25912,68,94.54%,5.46%,4.35,67.72%,39624,18.96,A-10_new_1.5_a.pdf.trc
256,4,8,Round Robin,65536,17,13,8192,147456,400,28,482641,443120,39521,38667,854,91.81%,8.19%,4.47,45.92%,26869,12.86,A-9_new_1.5.pdf.trc
256,4,8,Round Robin,65536,17,13,8192,147456,400,28,580244,553669,26575,26527,48,95.42%,4.58%,4.5,66.67%,39009,18.67,Corruption2.trc
256,4,8,Random,65536,17,13,8192,147456,400,28,475872,449874,25998,25912,86,94.54%,5.46%,4.35,67.72%,39624,18.96,A-10_new_1.5_a.pdf.trc
256,4,8,Random,65536,17,13,8192,147456,400,28,482641,442856,39785,38667,1118,91.76%,8.24%,4.47,45.92%,26869,12.86,A-9_new_1.5.pdf.trc
256,4,8,Random,65536,17,13,8192,147456,400,28,580244,553642,26602,26527,75,95.42%,4.58%,4.5,66.67%,39009,18.67,Corruption2.trc
256,8,2,Round Robin,32768,15,14,16384,65536,320,22.4,413303,398182,15121,13435,1686,96.34%,3.66%,3.89,59.00%,19333,13.22,A-10_new_1.5_a.pdf.trc
256,8,2,Round Robin,32768,15,14,16384,65536,320,22.4,420288,397704,22584,18109,4475,94.63%,5.37%,4.05,44.74%,14659,10.02,A-9_new_1.5.pdf.trc
256,8,2,Round Robin,32768,15,14,16384,65536,320,22.4,490514,474299,16215,14749,1466,96.69%,3.31%,3.92,54.99%,18019,12.32,Corruption2.trc
256,8,2,Random,32768,15,14,16384,65536,320,22.4,413303,397942,15361,13435,1926,96.28%,3.72%,3.89,59.00%,19333,13.22,A-10_new_1.5_a.pdf.trc
256,8,2,Random,32768,15,14,16384,65536,320,22.4,420288,397287,23001,18109,4892,94.53%,5.47%,4.06,44.74%,14659,10.02,A-9_new_1.5.pdf.trc
256,8,2,Random,32768,15,14,16384,65536,320,22.4,490514,474154,16360,14749,1611,96.66%,3.34%,3.92,54.99%,18019,12.32,Corruption2.trc
256,8,4,Round Robin,32768,16,13,8192,69632,324,22.68,413303,398367,14936,14400,536,96.39%,3.61%,3.88,60.90%,18368,13.81,A-10_new_1.5_a.pdf.trc
256,8,4,Round Robin,32768,16,13,8192,69632,324,22.68,420288,398029,22259,20130,2129,94.70%,5.30%,4.04,41.90%,12638,9.5,A-9_new_1.5.pdf.trc
256,8,4,Round Robin,32768,16,13,8192,69632,324,22.68,490514,474448,16066,15647,419,96.72%,3.28%,3.91,56.76%,17121,12.87,Corruption2.trc
256,8,4,Random,32768,16,13,8192,69632,324,22.68,413303,398195,15108,14400,708,96.34%,3.66%,3.89,60.90%,18368,13.81,A-10_new_1.5_a.pdf.trc
256,8,4,Random,32768,16,13,8192,69632,324,22.68,420288,397362,22926,20130,2796,94.55%,5.45%,4.06,41.90%,12638,9.5,A-9_new_1.5.pdf.trc
256,8,4,Random,32768,16,13,8192,69632,324,22.68,490514,474282,16232,15647,585,96.69%,3.31%,3.92,56.76%,17121,12.87,Corruption2.trc
256,8,8,Round Robin,32768,17,12,4096,73728,328,22.96,413303,398466,14837,14732,105,96.41%,3.59%,3.88,59.07%,18036,13.56,A-10_new_1.5_a.pdf.trc
256,8,8,Round Robin,32768,17,12,4096,73728,328,22.96,420288,398163,22125,21298,827,94.74%,5.26%,4.04,37.56%,11470,8.62,A-9_new_1.5.pdf.trc
256,8,8,Round Robin,32768,17,12,4096,73728,328,22.96,490514,474538,15976,15887,89,96.74%,3.26%,3.91,55.29%,16881,12.69,Corruption2.trc
256,8,8,Random,32768,17,12,4096,73728,328,22.96,413303,398430,14873,14732,141,96.40%,3.60%,3.88,59.07%,18036,13.56,A-10_new_1.5_a.pdf.trc
256,8,8,Random,32768,17,12,4096,73728,328,22.96,420288,397803,22485,21298,1187,94.65%,5.35%,4.05,37.56%,11470,8.62,A-9_new_1.5.pdf.trc
256,8,8,Random,32768,17,12,4096,73728,328,22.96,490514,474495,16019,15887,132,96.73%,3.27%,3.91,55.29%,16881,12.69,Corruption2.trc
256,16,2,Round Robin,16384,15,13,8192,32768,288,20.16,377255,368165,9090,7687,1403,97.59%,2.41%,3.66,53.08%,8697,10.7,A-10_new_1.5_a.pdf.trc
256,16,2,Round Robin,16384,15,13,8192,32768,288,20.16,387850,374656,13194,10006,3188,96.60%,3.40%,3.88,38.93%,6378,7.85,A-9_new_1.5.pdf.trc
256,16,2,Round Robin,16384,15,13,8192,32768,288,20.16,446309,435681,10628,9189,1439,97.62%,2.38%,3.7,43.91%,7195,8.85,Corruption2.trc
256,16,2,Random,16384,15,13,8192,32768,288,20.16,377255,367879,9376,7687,1689,97.51%,2.49%,3.68,53.08%,8697,10.7,A-10_new_1.5_a.pdf.trc
256,16,2,Random,16384,15,13,8192,32768,288,20.16,387850,374221,13629,10006,3623,96.49%,3.51%,3.9,38.93%,6378,7.85,A-9_new_1.5.pdf.trc
256,16,2,Random,16384,15,13,8192,32768,288,20.16,446309,435562,10747,9189,1558,97.59%,2.41%,3.71,43.91%,7195,8.85,Corruption2.trc
256,16,4,Round Robin,16384,16,12,4096,34816,290,20.3,377255,368318,8937,8334,603,97.63%,2.37%,3.66,51.51%,8050,10.46,A-10_new_1.5_a.pdf.trc
256,16,4,Round Robin,16384,16,12,4096,34816,290,20.3,387850,374856,12994,11182,1812,96.65%,3.35%,3.88,33.28%,5202,6.76,A-9_new_1.5.pdf.trc
256,16,4,Round Robin,16384,16,12,4096,34816,290,20.3,446309,435825,10484,9937,547,97.65%,2.35%,3.7,41.25%,6447,8.37,Corruption2.trc
256,16,4,Random,16384,16,12,4096,34816,290,20.3,377255,368071,9184,8334,850,97.57%,2.43%,3.67,51.51%,8050,10.46,A-10_new_1.5_a.pdf.trc
256,16,4,Random,16384,16,12,4096,34816,290,20.3,387850,374190,13660,11182,2478,96.48%,3.52%,3.9,33.28%,5202,6.76,A-9_new_1.5.pdf.trc
256,16,4,Random,16384,16,12,4096,34816,290,20.3,446309,435649,10660,9937,723,97.61%,2.39%,3.7,41.25%,6447,8.37,Corruption2.trc
256,16,8,Round Robin,16384,17,11,2048,36864,292,20.44,377255,368448,8807,8664,143,97.67%,2.33%,3.65,49.06%,7720,10.03,A-10_new_1.5_a.pdf.trc
256,16,8,Round Robin,16384,17,11,2048,36864,292,20.44,387850,375011,12839,11963,876,96.69%,3.31%,3.87,28.09%,4421,5.74,A-9_new_1.5.pdf.trc
256,16,8,Round Robin,16384,17,11,2048,36864,292,20.44,446309,435937,10372,10210,162,97.68%,2.32%,3.69,39.23%,6174,8.02,Corruption2.trc
256,16,8,Random,16384,17,11,2048,36864,292,20.44,377255,368385,8870,8664,206,97.65%,2.35%,3.65,49.06%,7720,10.03,A-10_new_1.5_a.pdf.trc
256,16,8,Random,16384,17,11,2048,36864,292,20.44,387850,374495,13355,11963,1392,96.56%,3.44%,3.89,28.09%,4421,5.74,A-9_new_1.5.pdf.trc
256,16,8,Random,16384,17,11,2048,36864,292,20.44,446309,435830,10479,10210,269,97.65%,2.35%,3.7,39.23%,6174,8.02,Corruption2.trc
256,32,2,Round Robin,8192,15,12,4096,16384,272,19.04,361364,355676,5688,4466,1222,98.43%,1.57%,3.64,45.48%,3726,8.66,A-10_new_1.5_a.pdf.trc
256,32,2,Round Robin,8192,15,12,4096,16384,272,19.04,373450,365301,8149,5636,2513,97.82%,2.18%,3.92,31.20%,2556,5.94,A-9_new_1.5.pdf.trc
256,32,2,Round Robin,8192,15,12,4096,16384,272,19.04,425395,419075,6320,5117,1203,98.51%,1.49%,3.64,37.54%,3075,7.15,Corruption2.trc
256,32,2,Random,8192,15,12,4096,16384,272,19.04,361364,355359,6005,4466,1539,98.34%,1.66%,3.67,45.48%,3726,8.66,A-10_new_1.5_a.pdf.trc
256,32,2,Random,8192,15,12,4096,16384,272,19.04,373450,364818,8632,5636,2996,97.69%,2.31%,3.96,31.20%,2556,5.94,A-9_new_1.5.pdf.trc
256,32,2,Random,8192,15,12,4096,16384,272,19.04,425395,418876,6519,5117,1402,98.47%,1.53%,3.65,37.54%,3075,7.15,Corruption2.trc
256,32,4,Round Robin,8192,16,11,2048,17408,273,19.11,361364,355812,5552,4901,651,98.46%,1.54%,3.63,41.20%,3291,7.87,A-10_new_1.5_a.pdf.trc
256,32,4,Round Robin,8192,16,11,2048,17408,273,19.11,373450,365491,7959,6280,1679,97.87%,2.13%,3.9,23.94%,1912,4.57,A-9_new_1.5.pdf.trc
256,32,4,Round Robin,8192,16,11,2048,17408,273,19.11,425395,419197,6198,5583,615,98.54%,1.46%,3.63,32.66%,2609,6.24,Corruption2.trc
256,32,4,Random,8192,16,11,2048,17408,273,19.11,361364,355484,5880,4901,979,98.37%,1.63%,3.66,41.20%,3291,7.87,A-10_new_1.5_a.pdf.trc
256,32,4,Random,8192,16,11,2048,17408,273,19.11,373450,364724,8726,6280,2446,97.66%,2.34%,3.97,23.94%,1912,4.57,A-9_new_1.5.pdf.trc
256,32,4,Random,8192,16,11,2048,17408,273,19.11,425395,418998,6397,5583,814,98.50%,1.50%,3.64,32.66%,2609,6.24,Corruption2.trc
256,32,8,Round Robin,8192,17,10,1024,18432,274,19.18,361364,355897,5467,5203,264,98.49%,1.51%,3.62,37.29%,2989,7.15,A-10_new_1.5_a.pdf.trc
256,32,8,Round Robin,8192,17,10,1024,18432,274,19.18,373450,365629,7821,6790,1031,97.91%,2.09%,3.89,17.49%,1402,3.35,A-9_new_1.5.pdf.trc
256,32,8,Round Robin,8192,17,10,1024,18432,274,19.18,425395,419316,6079,5836,243,98.57%,1.43%,3.62,29.39%,2356,5.64,Corruption2.trc
256,32,8,Random,8192,17,10,1024,18432,274,19.18,361364,355732,5632,5203,429,98.44%,1.56%,3.64,37.29%,2989,7.15,A-10_new_1.5_a.pdf.trc
256,32,8,Random,8192,17,10,1024,18432,274,19.18,373450,364900,8550,6790,1760,97.71%,2.29%,3.95,17.49%,1402,3.35,A-9_new_1.5.pdf.trc
256,32,8,Random,8192,17,10,1024,18432,274,19.18,425395,419186,6209,5836,373,98.54%,1.46%,3.63,29.39%,2356,5.64,Corruption2.trc
256,64,2,Round Robin,4096,15,11,2048,8192,264,18.48,354809,350989,3820,2662,1158,98.92%,1.08%,3.77,35.01%,1434,6.47,A-10_new_1.5_a.pdf.trc
256,64,2,Round Robin,4096,15,11,2048,8192,264,18.48,366344,360981,5363,3185,2178,98.54%,1.46%,4.1,22.24%,911,4.11,A-9_new_1.5.pdf.trc
256,64,2,Round Robin,4096,15,11,2048,8192,264,18.48,417698,413753,3945,2879,1066,99.06%,0.94%,3.71,29.71%,1217,5.49,Corruption2.trc
256,64,2,Random,4096,15,11,2048,8192,264,18.48,354809,350577,4232,2662,1570,98.81%,1.19%,3.85,35.01%,1434,6.47,A-10_new_1.5_a.pdf.trc
256,64,2,Random,4096,15,11,2048,8192,264,18.48,366344,360495,5849,3185,2664,98.40%,1.60%,4.19,22.24%,911,4.11,A-9_new_1.5.pdf.trc
256,64,2,Random,4096,15,11,2048,8192,264,18.48,417698,413426,4272,2879,1393,98.98%,1.02%,3.76,29.71%,1217,5.49,Corruption2.trc
256,64,4,Round Robin,4096,16,10,1024,8704,264,18.52,354809,351100,3709,2946,763,98.95%,1.05%,3.75,28.50%,1150,5.27,A-10_new_1.5_a.pdf.trc
256,64,4,Round Robin,4096,16,10,1024,8704,264,18.52,366344,361154,5190,3534,1656,98.58%,1.42%,4.07,13.93%,562,2.57,A-9_new_1.5.pdf.trc
256,64,4,Round Robin,4096,16,10,1024,8704,264,18.52,417698,413837,3861,3175,686,99.08%,0.92%,3.7,22.83%,921,4.22,Corruption2.trc
256,64,4,Random,4096,16,10,1024,8704,264,18.52,354809,350589,4220,2946,1274,98.81%,1.19%,3.84,28.50%,1150,5.27,A-10_new_1.5_a.pdf.trc
256,64,4,Random,4096,16,10,1024,8704,264,18.52,366344,360254,6090,3534,2556,98.34%,1.66%,4.23,13.93%,562,2.57,A-9_new_1.5.pdf.trc
256,64,4,Random,4096,16,10,1024,8704,264,18.52,417698,413554,4144,3175,969,99.01%,0.99%,3.74,22.83%,921,4.22,Corruption2.trc
256,64,8,Round Robin,4096,17,9,512,9216,265,18.55,354809,351203,3606,3193,413,98.98%,1.02%,3.73,22.30%,903,4.14,A-10_new_1.5_a.pdf.trc
256,64,8,Round Robin,4096,17,9,512,9216,265,18.55,366344,361302,5042,3780,1262,98.62%,1.38%,4.04,7.80%,316,1.45,A-9_new_1.5.pdf.trc
256,64,8,Round Robin,4096,17,9,512,9216,265,18.55,417698,413932,3766,3366,400,99.10%,0.90%,3.68,18.02%,730,3.34,Corruption2.trc
256,64,8,Random,4096,17,9,512,9216,265,18.55,354809,350885,3924,3193,731,98.89%,1.11%,3.79,22.30%,903,4.14,A-10_new_1.5_a.pdf.trc
256,64,8,Random,4096,17,9,512,9216,265,18.55,366344,360231,6113,3780,2333,98.33%,1.67%,4.23,7.80%,316,1.45,A-9_new_1.5.pdf.trc
256,64,8,Random,4096,17,9,512,9216,265,18.55,417698,413698,4000,3366,634,99.04%,0.96%,3.72,18.02%,730,3.34,Corruption2.trc
512,4,2,Round Robin,131072,14,16,65536,245760,752,52.64,475872,449772,26100,25282,818,94.52%,5.48%,4.35,82.43%,105790,43.39,A-10_new_1.5_a.pdf.trc
512,4,2,Round Robin,131072,14,16,65536,245760,752,52.64,482641,442968,39673,37455,2218,91.78%,8.22%,4.47,72.94%,93617,38.4,A-9_new_1.5.pdf.trc
512,4,2,Round Robin,131072,14,16,65536,245760,752,52.64,580244,553565,26679,26288,391,95.40%,4.60%,4.5,81.64%,104784,42.98,Corruption2.trc
512,4,2,Random,131072,14,16,65536,245760,752,52.64,475872,449739,26133,25282,851,94.51%,5.49%,4.35,82.43%,105790,43.39,A-10_new_1.5_a.pdf.trc
512,4,2,Random,131072,14,16,65536,245760,752,52.64,482641,442706,39935,37455,2480,91.73%,8.27%,4.47,72.94%,93617,38.4,A-9_new_1.5.pdf.trc
512,4,2,Random,131072,14,16,65536,245760,752,52.64,580244,553469,26775,26288,487,95.39%,4.61%,4.5,81.64%,104784,42.98,Corruption2.trc
512,4,4,Round Robin,131072,15,15,32768,262144,768,53.76,475872,449897,25975,25935,40,94.54%,5.46%,4.35,80.21%,105137,43.12,A-10_new_1.5_a.pdf.trc
512,4,4,Round Robin,131072,15,15,32768,262144,768,53.76,482641,443173,39468,38990,478,91.82%,8.18%,4.47,70.25%,92082,37.77,A-9_new_1.5.pdf.trc
512,4,4,Round Robin,131072,15,15,32768,262144,768,53.76,580244,553672,26572,26544,28,95.42%,4.58%,4.5,79.75%,104528,42.87,Corruption2.trc
512,4,4,Random,131072,15,15,32768,262144,768,53.76,475872,449858,26014,25935,79,94.53%,5.47%,4.35,80.21%,105137,43.12,A-10_new_1.5_a.pdf.trc
512,4,4,Random,131072,15,15,32768,262144,768,53.76,482641,443046,39595,38990,605,91.80%,8.20%,4.47,70.25%,92082,37.77,A-9_new_1.5.pdf.trc
512,4,4,Random,131072,15,15,32768,262144,768,53.76,580244,553628,26616,26544,72,95.41%,4.59%,4.5,79.75%,104528,42.87,Corruption2.trc
512,4,8,Round Robin,131072,16,14,16384,278528,784,54.88,475872,449906,25966,25950,16,94.54%,5.46%,4.35,91.66%,105122,50.3,A-10_new_1.5_a.pdf.trc
512,4,8,Round Robin,131072,16,14,16384,278528,784,54.88,482641,443225,39416,39366,50,91.83%,8.17%,4.47,79.96%,91706,43.88,A-9_new_1.5.pdf.trc
512,4,8,Round Robin,131072,16,14,16384,278528,784,54.88,580244,553677,26567,26556,11,95.42%,4.58%,4.5,91.13%,104516,50.01,Corruption2.trc
512,4,8,Random,131072,16,14,16384,278528,784,54.88,475872,449906,25966,25950,16,94.54%,5.46%,4.35,91.66%,105122,50.3,A-10_new_1.5_a.pdf.trc
512,4,8,Random,131072,16,14,16384,278528,784,54.88,482641,443195,39446,39366,80,91.83%,8.17%,4.47,79.96%,91706,43.88,A-9_new_1.5.pdf.trc
512,4,8,Random,131072,16,14,16384,278528,784,54.88,580244,553663,26581,26556,25,95.42%,4.58%,4.5,91.13%,104516,50.01,Corruption2.trc
512,8,2,Round Robin,65536,14,15,32768,122880,632,44.24,413303,398348,14955,14272,683,96.38%,3.62%,3.89,79.21%,51264,35.04,A-10_new_1.5_a.pdf.trc
512,8,2,Round Robin,65536,14,15,32768,122880,632,44.24,420288,398044,22244,20658,1586,94.71%,5.29%,4.04,69.35%,44878,30.68,A-9_new_1.5.pdf.trc
512,8,2,Round Robin,65536,14,15,32768,122880,632,44.24,490514,474424,16090,15690,400,96.72%,3.28%,3.91,77.02%,49846,34.07,Corruption2.trc
512,8,2,Random,65536,14,15,32768,122880,632,44.24,413303,398325,14978,14272,706,96.38%,3.62%,3.89,79.21%,51264,35.04,A-10_new_1.5_a.pdf.trc
512,8,2,Random,65536,14,15,32768,122880,632,44.24,420288,397815,22473,20658,1815,94.65%,5.35%,4.05,69.35%,44878,30.68,A-9_new_1.5.pdf.trc
512,8,2,Random,65536,14,15,32768,122880,632,44.24,490514,474372,16142,15690,452,96.71%,3.29%,3.92,77.02%,49846,34.07,Corruption2.trc
512,8,4,Round Robin,65536,15,14,16384,131072,640,44.8,413303,398486,14817,14760,57,96.41%,3.59%,3.88,77.48%,50776,34.71,A-10_new_1.5_a.pdf.trc
512,8,4,Round Robin,65536,15,14,16384,131072,640,44.8,420288,398243,22045,21644,401,94.75%,5.25%,4.04,66.97%,43892,30,A-9_new_1.5.pdf.trc
512,8,4,Round Robin,65536,15,14,16384,131072,640,44.8,490514,474545,15969,15923,46,96.74%,3.26%,3.91,75.70%,49613,33.92,Corruption2.trc
512,8,4,Random,65536,15,14,16384,131072,640,44.8,413303,398432,14871,14760,111,96.40%,3.60%,3.88,77.48%,50776,34.71,A-10_new_1.5_a.pdf.trc
512,8,4,Random,65536,15,14,16384,131072,640,44.8,420288,398120,22168,21644,524,94.73%,5.27%,4.04,66.97%,43892,30,A-9_new_1.5.pdf.trc
512,8,4,Random,65536,15,14,16384,131072,640,44.8,490514,474486,16028,15923,105,96.73%,3.27%,3.91,75.70%,49613,33.92,Corruption2.trc
512,8,8,Round Robin,65536,16,13,8192,139264,648,45.36,413303,398492,14811,14783,28,96.42%,3.58%,3.88,84.14%,50753,38.16,A-10_new_1.5_a.pdf.trc
512,8,8,Round Robin,65536,16,13,8192,139264,648,45.36,420288,398284,22004,21946,58,94.76%,5.24%,4.04,72.26%,43590,32.78,A-9_new_1.5.pdf.trc
512,8,8,Round Robin,65536,16,13,8192,139264,648,45.36,490514,474550,15964,15940,24,96.75%,3.25%,3.91,82.22%,49596,37.29,Corruption2.trc
512,8,8,Random,65536,16,13,8192,139264,648,45.36,413303,398480,14823,14783,40,96.41%,3.59%,3.88,84.14%,50753,38.16,A-10_new_1.5_a.pdf.trc
512,8,8,Random,65536,16,13,8192,139264,648,45.36,420288,398238,22050,21946,104,94.75%,5.25%,4.04,72.26%,43590,32.78,A-9_new_1.5.pdf.trc
512,8,8,Random,65536,16,13,8192,139264,648,45.36,490514,474526,15988,15940,48,96.74%,3.26%,3.91,82.22%,49596,37.29,Corruption2.trc
512,16,2,Round Robin,32768,14,14,16384,61440,572,40.04,377255,368319,8936,8320,616,97.63%,2.37%,3.66,75.13%,24448,30.08,A-10_new_1.5_a.pdf.trc
512,16,2,Round Robin,32768,14,14,16384,61440,572,40.04,387850,374917,12933,11686,1247,96.67%,3.33%,3.87,64.79%,21082,25.94,A-9_new_1.5.pdf.trc
512,16,2,Round Robin,32768,14,14,16384,61440,572,40.04,446309,435812,10497,10052,445,97.65%,2.35%,3.7,69.81%,22716,27.95,Corruption2.trc
512,16,2,Random,32768,14,14,16384,61440,572,40.04,377255,368308,8947,8320,627,97.63%,2.37%,3.66,75.13%,24448,30.08,A-10_new_1.5_a.pdf.trc
512,16,2,Random,32768,14,14,16384,61440,572,40.04,387850,374694,13156,11686,1470,96.61%,3.39%,3.88,64.79%,21082,25.94,A-9_new_1.5.pdf.trc
512,16,2,Random,32768,14,14,16384,61440,572,40.04,446309,435780,10529,10052,477,97.64%,2.36%,3.7,69.81%,22716,27.95,Corruption2.trc
512,16,4,Round Robin,32768,15,13,8192,65536,576,40.32,377255,368451,8804,8708,96,97.67%,2.33%,3.65,73.43%,24060,29.61,A-10_new_1.5_a.pdf.trc
512,16,4,Round Robin,32768,15,13,8192,65536,576,40.32,387850,375087,12763,12376,387,96.71%,3.29%,3.87,62.23%,20392,25.09,A-9_new_1.5.pdf.trc
512,16,4,Round Robin,32768,15,13,8192,65536,576,40.32,446309,435942,10367,10284,83,97.68%,2.32%,3.69,68.62%,22484,27.67,Corruption2.trc
512,16,4,Random,32768,15,13,8192,65536,576,40.32,377255,368390,8865,8708,157,97.65%,2.35%,3.65,73.43%,24060,29.61,A-10_new_1.5_a.pdf.trc
512,16,4,Random,32768,15,13,8192,65536,576,40.32,387850,374945,12905,12376,529,96.67%,3.33%,3.87,62.23%,20392,25.09,A-9_new_1.5.pdf.trc
512,16,4,Random,32768,15,13,8192,65536,576,40.32,446309,435884,10425,10284,141,97.66%,2.34%,3.7,68.62%,22484,27.67,Corruption2.trc
512,16,8,Round Robin,32768,16,12,4096,69632,580,40.6,377255,368478,8777,8745,32,97.67%,2.33%,3.65,76.85%,24023,31.2,A-10_new_1.5_a.pdf.trc
512,16,8,Round Robin,32768,16,12,4096,69632,580,40.6,387850,375129,12721,12636,85,96.72%,3.28%,3.86,64.40%,20132,26.15,A-9_new_1.5.pdf.trc
512,16,8,Round Robin,32768,16,12,4096,69632,580,40.6,446309,435961,10348,10316,32,97.68%,2.32%,3.69,71.83%,22452,29.16,Corruption2.trc
512,16,8,Random,32768,16,12,4096,69632,580,40.6,377255,368454,8801,8745,56,97.67%,2.33%,3.65,76.85%,24023,31.2,A-10_new_1.5_a.pdf.trc
512,16,8,Random,32768,16,12,4096,69632,580,40.6,387850,375071,12779,12636,143,96.71%,3.29%,3.87,64.40%,20132,26.15,A-9_new_1.5.pdf.trc
512,16,8,Random,32768,16,12,4096,69632,580,40.6,446309,435935,10374,10316,58,97.68%,2.32%,3.69,71.83%,22452,29.16,Corruption2.trc
512,32,2,Round Robin,16384,14,13,8192,30720,542,37.94,361364,355801,5563,4982,581,98.46%,1.54%,3.63,69.85%,11402,26.5,A-10_new_1.5_a.pdf.trc
512,32,2,Round Robin,16384,14,13,8192,30720,542,37.94,373450,365535,7915,6819,1096,97.88%,2.12%,3.9,58.60%,9565,22.23,A-9_new_1.5.pdf.trc
512,32,2,Round Robin,16384,14,13,8192,30720,542,37.94,425395,419196,6199,5754,445,98.54%,1.46%,3.63,65.12%,10630,24.71,Corruption2.trc
512,32,2,Random,16384,14,13,8192,30720,542,37.94,361364,355758,5606,4982,624,98.45%,1.55%,3.63,69.85%,11402,26.5,A-10_new_1.5_a.pdf.trc
512,32,2,Random,16384,14,13,8192,30720,542,37.94,373450,365291,8159,6819,1340,97.82%,2.18%,3.92,58.60%,9565,22.23,A-9_new_1.5.pdf.trc
512,32,2,Random,16384,14,13,8192,30720,542,37.94,425395,419155,6240,5754,486,98.53%,1.47%,3.63,65.12%,10630,24.71,Corruption2.trc
512,32,4,Round Robin,16384,15,12,4096,32768,544,38.08,361364,355932,5432,5306,126,98.50%,1.50%,3.62,67.61%,11078,25.75,A-10_new_1.5_a.pdf.trc
512,32,4,Round Robin,16384,15,12,4096,32768,544,38.08,373450,365722,7728,7339,389,97.93%,2.07%,3.88,55.21%,9045,21.02,A-9_new_1.5.pdf.trc
512,32,4,Round Robin,16384,15,12,4096,32768,544,38.08,425395,419323,6072,5952,120,98.57%,1.43%,3.62,63.67%,10432,24.25,Corruption2.trc
512,32,4,Random,16384,15,12,4096,32768,544,38.08,361364,355840,5524,5306,218,98.47%,1.53%,3.63,67.61%,11078,25.75,A-10_new_1.5_a.pdf.trc
512,32,4,Random,16384,15,12,4096,32768,544,38.08,373450,365527,7923,7339,584,97.88%,2.12%,3.9,55.21%,9045,21.02,A-9_new_1.5.pdf.trc
512,32,4,Random,16384,15,12,4096,32768,544,38.08,425395,419261,6134,5952,182,98.56%,1.44%,3.62,63.67%,10432,24.25,Corruption2.trc
512,32,8,Round Robin,16384,16,11,2048,34816,546,38.22,361364,355965,5399,5361,38,98.51%,1.49%,3.62,69.00%,11023,26.37,A-10_new_1.5_a.pdf.trc
512,32,8,Round Robin,16384,16,11,2048,34816,546,38.22,373450,365759,7691,7579,112,97.94%,2.06%,3.88,55.12%,8805,21.07,A-9_new_1.5.pdf.trc
512,32,8,Round Robin,16384,16,11,2048,34816,546,38.22,425395,419358,6037,5990,47,98.58%,1.42%,3.62,65.07%,10394,24.87,Corruption2.trc
512,32,8,Random,16384,16,11,2048,34816,546,38.22,361364,355909,5455,5361,94,98.49%,1.51%,3.62,69.00%,11023,26.37,A-10_new_1.5_a.pdf.trc
512,32,8,Random,16384,16,11,2048,34816,546,38.22,373450,365681,7769,7579,190,97.92%,2.08%,3.88,55.12%,8805,21.07,A-9_new_1.5.pdf.trc
512,32,8,Random,16384,16,11,2048,34816,546,38.22,425395,419305,6090,5990,100,98.57%,1.43%,3.62,65.07%,10394,24.87,Corruption2.trc
512,64,2,Round Robin,8192,14,12,4096,15360,527,36.89,354809,351144,3665,3107,558,98.97%,1.03%,3.74,62.19%,5085,22.94,A-10_new_1.5_a.pdf.trc
512,64,2,Round Robin,8192,14,12,4096,15360,527,36.89,366344,361229,5115,4092,1023,98.60%,1.40%,4.06,50.14%,4100,18.5,A-9_new_1.5.pdf.trc
512,64,2,Round Robin,8192,14,12,4096,15360,527,36.89,417698,413869,3829,3409,420,99.08%,0.92%,3.69,58.50%,4783,21.58,Corruption2.trc
512,64,2,Random,8192,14,12,4096,15360,527,36.89,354809,351050,3759,3107,652,98.94%,1.06%,3.76,62.19%,5085,22.94,A-10_new_1.5_a.pdf.trc
512,64,2,Random,8192,14,12,4096,15360,527,36.89,366344,360945,5399,4092,1307,98.53%,1.47%,4.11,50.14%,4100,18.5,A-9_new_1.5.pdf.trc
512,64,2,Random,8192,14,12,4096,15360,527,36.89,417698,413819,3879,3409,470,99.07%,0.93%,3.7,58.50%,4783,21.58,Corruption2.trc
512,64,4,Round Robin,8192,15,11,2048,16384,528,36.96,354809,351253,3556,3374,182,99.00%,1.00%,3.72,58.81%,4818,21.74,A-10_new_1.5_a.pdf.trc
512,64,4,Round Robin,8192,15,11,2048,16384,528,36.96,366344,361385,4959,4466,493,98.65%,1.35%,4.03,45.48%,3726,16.81,A-9_new_1.5.pdf.trc
512,64,4,Round Robin,8192,15,11,2048,16384,528,36.96,417698,413972,3726,3576,150,99.11%,0.89%,3.68,56.35%,4616,20.83,Corruption2.trc
512,64,4,Random,8192,15,11,2048,16384,528,36.96,354809,351118,3691,3374,317,98.96%,1.04%,3.75,58.81%,4818,21.74,A-10_new_1.5_a.pdf.trc
512,64,4,Random,8192,15,11,2048,16384,528,36.96,366344,361145,5199,4466,733,98.58%,1.42%,4.07,45.48%,3726,16.81,A-9_new_1.5.pdf.trc
512,64,4,Random,8192,15,11,2048,16384,528,36.96,417698,413928,3770,3576,194,99.10%,0.90%,3.68,56.35%,4616,20.83,Corruption2.trc
512,64,8,Round Robin,8192,16,10,1024,17408,529,37.03,354809,351282,3527,3448,79,99.01%,0.99%,3.72,58.68%,4744,21.73,A-10_new_1.5_a.pdf.trc
512,64,8,Round Robin,8192,16,10,1024,17408,529,37.03,366344,361428,4916,4703,213,98.66%,1.34%,4.02,43.15%,3489,15.98,A-9_new_1.5.pdf.trc
512,64,8,Round Robin,8192,16,10,1024,17408,529,37.03,417698,414003,3695,3629,66,99.12%,0.88%,3.67,56.44%,4563,20.9,Corruption2.trc
512,64,8,Random,8192,16,10,1024,17408,529,37.03,354809,351210,3599,3448,151,98.99%,1.01%,3.73,58.68%,4744,21.73,A-10_new_1.5_a.pdf.trc
512,64,8,Random,8192,16,10,1024,17408,529,37.03,366344,361254,5090,4703,387,98.61%,1.39%,4.05,43.15%,3489,15.98,A-9_new_1.5.pdf.trc
512,64,8,Random,8192,16,10,1024,17408,529,37.03,417698,413959,3739,3629,110,99.10%,0.90%,3.68,56.44%,4563,20.9,Corruption2.trc
1024,4,2,Round Robin,262144,13,17,131072,458752,1472,103.04,475872,449867,26005,25825,180,94.54%,5.46%,4.35,94.07%,236319,96.93,A-10_new_1.5_a.pdf.trc
1024,4,2,Round Robin,262144,13,17,131072,458752,1472,103.04,482641,443152,39489,38881,608,91.82%,8.18%,4.47,88.87%,223263,91.57,A-9_new_1.5.pdf.trc
1024,4,2,Round Robin,262144,13,17,131072,458752,1472,103.04,580244,553588,26656,26465,191,95.41%,4.59%,4.5,93.81%,235679,96.67,Corruption2.trc
1024,4,2,Random,262144,13,17,131072,458752,1472,103.04,475872,449833,26039,25825,214,94.53%,5.47%,4.35,94.07%,236319,96.93,A-10_new_1.5_a.pdf.trc
1024,4,2,Random,262144,13,17,131072,458752,1472,103.04,482641,443091,39550,38881,669,91.81%,8.19%,4.47,88.87%,223263,91.57,A-9_new_1.5.pdf.trc
1024,4,2,Random,262144,13,17,131072,458752,1472,103.04,580244,553505,26739,26465,274,95.39%,4.61%,4.5,93.81%,235679,96.67,Corruption2.trc
1024,4,4,Round Robin,262144,14,16,65536,491520,1504,105.28,475872,449906,25966,25955,11,94.54%,5.46%,4.35,92.02%,236189,96.87,A-10_new_1.5_a.pdf.trc
1024,4,4,Round Robin,262144,14,16,65536,491520,1504,105.28,482641,443231,39410,39384,26,91.83%,8.17%,4.47,86.78%,222760,91.37,A-9_new_1.5.pdf.trc
1024,4,4,Round Robin,262144,14,16,65536,491520,1504,105.28,580244,553672,26572,26552,20,95.42%,4.58%,4.5,91.78%,235592,96.63,Corruption2.trc
1024,4,4,Random,262144,14,16,65536,491520,1504,105.28,475872,449870,26002,25955,47,94.54%,5.46%,4.35,92.02%,236189,96.87,A-10_new_1.5_a.pdf.trc
1024,4,4,Random,262144,14,16,65536,491520,1504,105.28,482641,443191,39450,39384,66,91.83%,8.17%,4.47,86.78%,222760,91.37,A-9_new_1.5.pdf.trc
1024,4,4,Random,262144,14,16,65536,491520,1504,105.28,580244,553629,26615,26552,63,95.41%,4.59%,4.5,91.78%,235592,96.63,Corruption2.trc
1024,4,8,Round Robin,262144,15,15,32768,524288,1536,107.52,475872,449908,25964,25961,3,94.54%,5.46%,4.35,90.10%,236183,96.87,A-10_new_1.5_a.pdf.trc
1024,4,8,Round Robin,262144,15,15,32768,524288,1536,107.52,482641,443230,39411,39397,14,91.83%,8.17%,4.47,84.97%,222747,91.36,A-9_new_1.5.pdf.trc
1024,4,8,Round Robin,262144,15,15,32768,524288,1536,107.52,580244,553677,26567,26561,6,95.42%,4.58%,4.5,89.87%,235583,96.63,Corruption2.trc
1024,4,8,Random,262144,15,15,32768,524288,1536,107.52,475872,449908,25964,25961,3,94.54%,5.46%,4.35,90.10%,236183,96.87,A-10_new_1.5_a.pdf.trc
1024,4,8,Random,262144,15,15,32768,524288,1536,107.52,482641,443211,39430,39397,33,91.83%,8.17%,4.47,84.97%,222747,91.36,A-9_new_1.5.pdf.trc
1024,16,2,Round Robin,65536,13,15,32768,114688,1136,79.52,387850,375026,12824,12409,415,96.69%,3.31%,3.87,82.21%,53127,65.37,A-9_new_1.5.pdf.trc
1024,16,2,Round Robin,65536,13,15,32768,114688,1136,79.52,377255,368379,8876,8661,215,97.65%,2.35%,3.66,88.01%,56875,69.98,A-10_new_1.5_a.pdf.trc
1024,16,2,Round Robin,65536,13,15,32768,114688,1136,79.52,387850,375026,12824,12409,415,96.69%,3.31%,3.87,82.21%,53127,65.37,A-9_new_1.5.pdf.trc
1024,16,2,Round Robin,65536,13,15,32768,114688,1136,79.52,446309,435838,10471,10226,245,97.65%,2.35%,3.7,85.59%,55310,68.06,Corruption2.trc
1024,16,2,Random,65536,13,15,32768,114688,1136,79.52,377255,368380,8875,8661,214,97.65%,2.35%,3.65,88.01%,56875,69.98,A-10_new_1.5_a.pdf.trc
1024,16,2,Round Robin,65536,13,15,32768,114688,1136,79.52,446309,435838,10471,10226,245,97.65%,2.35%,3.7,85.59%,55310,68.06,Corruption2.trc
1024,16,2,Random,65536,13,15,32768,114688,1136,79.52,377255,368380,8875,8661,214,97.65%,2.35%,3.65,88.01%,56875,69.98,A-10_new_1.5_a.pdf.trc
1024,16,2,Random,65536,13,15,32768,114688,1136,79.52,387850,374975,12875,12409,466,96.68%,3.32%,3.87,82.21%,53127,65.37,A-9_new_1.5.pdf.trc
1024,16,2,Random,65536,13,15,32768,114688,1136,79.52,387850,374975,12875,12409,466,96.68%,3.32%,3.87,82.21%,53127,65.37,A-9_new_1.5.pdf.trc
1024,16,2,Random,65536,13,15,32768,114688,1136,79.52,446309,435828,10481,10226,255,97.65%,2.35%,3.7,85.59%,55310,68.06,Corruption2.trc
1024,16,4,Round Robin,65536,14,14,16384,122880,1144,80.08,377255,368481,8774,8744,30,97.67%,2.33%,3.65,87.26%,56792,69.88,A-10_new_1.5_a.pdf.trc
1024,16,2,Random,65536,13,15,32768,114688,1136,79.52,446309,435828,10481,10226,255,97.65%,2.35%,3.7,85.59%,55310,68.06,Corruption2.trc
1024,16,4,Round Robin,65536,14,14,16384,122880,1144,80.08,387850,375144,12706,12652,54,96.72%,3.28%,3.86,81.26%,52884,65.07,A-9_new_1.5.pdf.trc
1024,16,4,Round Robin,65536,14,14,16384,122880,1144,80.08,377255,368481,8774,8744,30,97.67%,2.33%,3.65,87.26%,56792,69.88,A-10_new_1.5_a.pdf.trc
1024,16,4,Round Robin,65536,14,14,16384,122880,1144,80.08,446309,435964,10345,10311,34,97.68%,2.32%,3.69,84.86%,55225,67.95,Corruption2.trc
1024,16,4,Round Robin,65536,14,14,16384,122880,1144,80.08,387850,375144,12706,12652,54,96.72%,3.28%,3.86,81.26%,52884,65.07,A-9_new_1.5.pdf.trc
1024,16,4,Random,65536,14,14,16384,122880,1144,80.08,377255,368427,8828,8744,84,97.66%,2.34%,3.65,87.26%,56792,69.88,A-10_new_1.5_a.pdf.trc
1024,16,4,Round Robin,65536,14,14,16384,122880,1144,80.08,446309,435964,10345,10311,34,97.68%,2.32%,3.69,84.86%,55225,67.95,Corruption2.trc
1024,16,4,Random,65536,14,14,16384,122880,1144,80.08,387850,375084,12766,12652,114,96.71%,3.29%,3.87,81.26%,52884,65.07,A-9_new_1.5.pdf.trc
1024,16,4,Random,65536,14,14,16384,122880,1144,80.08,377255,368427,8828,8744,84,97.66%,2.34%,3.65,87.26%,56792,69.88,A-10_new_1.5_a.pdf.trc
1024,16,4,Random,65536,14,14,16384,122880,1144,80.08,446309,435900,10409,10311,98,97.67%,2.33%,3.69,84.86%,55225,67.95,Corruption2.trc
1024,16,4,Random,65536,14,14,16384,122880,1144,80.08,387850,375084,12766,12652,114,96.71%,3.29%,3.87,81.26%,52884,65.07,A-9_new_1.5.pdf.trc
1024,16,8,Round Robin,65536,15,13,8192,131072,1152,80.64,377255,368493,8762,8755,7,97.68%,2.32%,3.65,86.64%,56781,69.87,A-10_new_1.5_a.pdf.trc
1024,16,8,Round Robin,65536,15,13,8192,131072,1152,80.64,387850,375156,12694,12677,17,96.73%,3.27%,3.86,80.66%,52859,65.04,A-9_new_1.5.pdf.trc
1024,16,4,Random,65536,14,14,16384,122880,1144,80.08,446309,435900,10409,10311,98,97.67%,2.33%,3.69,84.86%,55225,67.95,Corruption2.trc
1024,16,8,Round Robin,65536,15,13,8192,131072,1152,80.64,446309,435972,10337,10328,9,97.68%,2.32%,3.69,84.24%,55208,67.93,Corruption2.trc
1024,16,8,Round Robin,65536,15,13,8192,131072,1152,80.64,377255,368493,8762,8755,7,97.68%,2.32%,3.65,86.64%,56781,69.87,A-10_new_1.5_a.pdf.trc
1024,16,8,Random,65536,15,13,8192,131072,1152,80.64,377255,368494,8761,8755,6,97.68%,2.32%,3.65,86.64%,56781,69.87,A-10_new_1.5_a.pdf.trc
1024,16,8,Round Robin,65536,15,13,8192,131072,1152,80.64,387850,375156,12694,12677,17,96.73%,3.27%,3.86,80.66%,52859,65.04,A-9_new_1.5.pdf.trc
1024,16,8,Random,65536,15,13,8192,131072,1152,80.64,387850,375125,12725,12677,48,96.72%,3.28%,3.86,80.66%,52859,65.04,A-9_new_1.5.pdf.trc
1024,16,8,Round Robin,65536,15,13,8192,131072,1152,80.64,446309,435972,10337,10328,9,97.68%,2.32%,3.69,84.24%,55208,67.93,Corruption2.trc
1024,16,8,Random,65536,15,13,8192,131072,1152,80.64,446309,435960,10349,10328,21,97.68%,2.32%,3.69,84.24%,55208,67.93,Corruption2.trc
1024,16,8,Random,65536,15,13,8192,131072,1152,80.64,377255,368494,8761,8755,6,97.68%,2.32%,3.65,86.64%,56781,69.87,A-10_new_1.5_a.pdf.trc
1024,32,2,Round Robin,32768,13,14,16384,57344,1080,75.6,361364,355862,5502,5268,234,98.48%,1.52%,3.63,84.54%,27500,63.92,A-10_new_1.5_a.pdf.trc
1024,32,2,Round Robin,32768,13,14,16384,57344,1080,75.6,373450,365654,7796,7410,386,97.91%,2.09%,3.89,77.96%,25358,58.94,A-9_new_1.5.pdf.trc
1024,16,8,Random,65536,15,13,8192,131072,1152,80.64,387850,375125,12725,12677,48,96.72%,3.28%,3.86,80.66%,52859,65.04,A-9_new_1.5.pdf.trc
1024,32,2,Round Robin,32768,13,14,16384,57344,1080,75.6,425395,419233,6162,5918,244,98.55%,1.45%,3.63,82.55%,26850,62.41,Corruption2.trc
1024,16,8,Random,65536,15,13,8192,131072,1152,80.64,446309,435960,10349,10328,21,97.68%,2.32%,3.69,84.24%,55208,67.93,Corruption2.trc
1024,32,2,Random,32768,13,14,16384,57344,1080,75.6,361364,355845,5519,5268,251,98.47%,1.53%,3.63,84.54%,27500,63.92,A-10_new_1.5_a.pdf.trc
1024,32,2,Round Robin,32768,13,14,16384,57344,1080,75.6,361364,355862,5502,5268,234,98.48%,1.52%,3.63,84.54%,27500,63.92,A-10_new_1.5_a.pdf.trc
1024,32,2,Random,32768,13,14,16384,57344,1080,75.6,373450,365584,7866,7410,456,97.89%,2.11%,3.89,77.96%,25358,58.94,A-9_new_1.5.pdf.trc
1024,32,2,Round Robin,32768,13,14,16384,57344,1080,75.6,373450,365654,7796,7410,386,97.91%,2.09%,3.89,77.96%,25358,58.94,A-9_new_1.5.pdf.trc
1024,32,2,Random,32768,13,14,16384,57344,1080,75.6,425395,419241,6154,5918,236,98.55%,1.45%,3.63,82.55%,26850,62.41,Corruption2.trc
1024,32,2,Round Robin,32768,13,14,16384,57344,1080,75.6,425395,419233,6162,5918,244,98.55%,1.45%,3.63,82.55%,26850,62.41,Corruption2.trc
1024,32,4,Round Robin,32768,14,13,8192,61440,1084,75.88,361364,355969,5395,5361,34,98.51%,1.49%,3.62,83.95%,27407,63.7,A-10_new_1.5_a.pdf.trc
1024,32,2,Random,32768,13,14,16384,57344,1080,75.6,361364,355845,5519,5268,251,98.47%,1.53%,3.63,84.54%,27500,63.92,A-10_new_1.5_a.pdf.trc
1024,32,4,Round Robin,32768,14,13,8192,61440,1084,75.88,373450,365779,7671,7606,65,97.95%,2.05%,3.88,77.07%,25162,58.48,A-9_new_1.5.pdf.trc
1024,32,4,Round Robin,32768,14,13,8192,61440,1084,75.88,425395,419350,6045,5991,54,98.58%,1.42%,3.62,82.02%,26777,62.24,Corruption2.trc
1024,32,2,Random,32768,13,14,16384,57344,1080,75.6,373450,365584,7866,7410,456,97.89%,2.11%,3.89,77.96%,25358,58.94,A-9_new_1.5.pdf.trc
1024,32,4,Random,32768,14,13,8192,61440,1084,75.88,361364,355900,5464,5361,103,98.49%,1.51%,3.62,83.95%,27407,63.7,A-10_new_1.5_a.pdf.trc
1024,32,2,Random,32768,13,14,16384,57344,1080,75.6,425395,419241,6154,5918,236,98.55%,1.45%,3.63,82.55%,26850,62.41,Corruption2.trc
1024,32,4,Random,32768,14,13,8192,61440,1084,75.88,373450,365677,7773,7606,167,97.92%,2.08%,3.88,77.07%,25162,58.48,A-9_new_1.5.pdf.trc
1024,32,4,Round Robin,32768,14,13,8192,61440,1084,75.88,361364,355969,5395,5361,34,98.51%,1.49%,3.62,83.95%,27407,63.7,A-10_new_1.5_a.pdf.trc
1024,32,4,Random,32768,14,13,8192,61440,1084,75.88,425395,419283,6112,5991,121,98.56%,1.44%,3.62,82.02%,26777,62.24,Corruption2.trc
1024,32,8,Round Robin,32768,15,12,4096,65536,1088,76.16,361364,355980,5384,5377,7,98.51%,1.49%,3.61,83.59%,27391,63.66,A-10_new_1.5_a.pdf.trc
1024,32,4,Round Robin,32768,14,13,8192,61440,1084,75.88,373450,365779,7671,7606,65,97.95%,2.05%,3.88,77.07%,25162,58.48,A-9_new_1.5.pdf.trc
1024,32,8,Round Robin,32768,15,12,4096,65536,1088,76.16,373450,365790,7660,7639,21,97.95%,2.05%,3.87,76.69%,25129,58.41,A-9_new_1.5.pdf.trc
1024,32,4,Round Robin,32768,14,13,8192,61440,1084,75.88,425395,419350,6045,5991,54,98.58%,1.42%,3.62,82.02%,26777,62.24,Corruption2.trc
1024,32,8,Round Robin,32768,15,12,4096,65536,1088,76.16,425395,419372,6023,6011,12,98.58%,1.42%,3.62,81.66%,26757,62.19,Corruption2.trc
1024,32,4,Random,32768,14,13,8192,61440,1084,75.88,361364,355900,5464,5361,103,98.49%,1.51%,3.62,83.95%,27407,63.7,A-10_new_1.5_a.pdf.trc
1024,32,8,Random,32768,15,12,4096,65536,1088,76.16,361364,355981,5383,5377,6,98.51%,1.49%,3.61,83.59%,27391,63.66,A-10_new_1.5_a.pdf.trc
1024,32,8,Random,32768,15,12,4096,65536,1088,76.16,373450,365758,7692,7639,53,97.94%,2.06%,3.88,76.69%,25129,58.41,A-9_new_1.5.pdf.trc
1024,32,4,Random,32768,14,13,8192,61440,1084,75.88,373450,365677,7773,7606,167,97.92%,2.08%,3.88,77.07%,25162,58.48,A-9_new_1.5.pdf.trc
1024,32,8,Random,32768,15,12,4096,65536,1088,76.16,425395,419360,6035,6011,24,98.58%,1.42%,3.62,81.66%,26757,62.19,Corruption2.trc
1024,32,4,Random,32768,14,13,8192,61440,1084,75.88,425395,419283,6112,5991,121,98.56%,1.44%,3.62,82.02%,26777,62.24,Corruption2.trc
1024,64,2,Round Robin,16384,13,13,8192,28672,1052,73.64,354809,351209,3600,3357,243,98.99%,1.01%,3.73,79.81%,13027,58.77,A-10_new_1.5_a.pdf.trc
1024,32,8,Round Robin,32768,15,12,4096,65536,1088,76.16,361364,355980,5384,5377,7,98.51%,1.49%,3.61,83.59%,27391,63.66,A-10_new_1.5_a.pdf.trc
1024,64,2,Round Robin,16384,13,13,8192,28672,1052,73.64,366344,361356,4988,4605,383,98.64%,1.36%,4.03,72.17%,11779,53.14,A-9_new_1.5.pdf.trc
1024,32,8,Round Robin,32768,15,12,4096,65536,1088,76.16,373450,365790,7660,7639,21,97.95%,2.05%,3.87,76.69%,25129,58.41,A-9_new_1.5.pdf.trc
1024,64,2,Round Robin,16384,13,13,8192,28672,1052,73.64,417698,413914,3784,3569,215,99.09%,0.91%,3.69,78.51%,12815,57.82,Corruption2.trc
1024,64,2,Random,16384,13,13,8192,28672,1052,73.64,354809,351169,3640,3357,283,98.97%,1.03%,3.74,79.81%,13027,58.77,A-10_new_1.5_a.pdf.trc
1024,32,8,Round Robin,32768,15,12,4096,65536,1088,76.16,425395,419372,6023,6011,12,98.58%,1.42%,3.62,81.66%,26757,62.19,Corruption2.trc
1024,64,2,Random,16384,13,13,8192,28672,1052,73.64,366344,361240,5104,4605,499,98.61%,1.39%,4.05,72.17%,11779,53.14,A-9_new_1.5.pdf.trc
1024,32,8,Random,32768,15,12,4096,65536,1088,76.16,361364,355981,5383,5377,6,98.51%,1.49%,3.61,83.59%,27391,63.66,A-10_new_1.5_a.pdf.trc
1024,64,2,Random,16384,13,13,8192,28672,1052,73.64,417698,413930,3768,3569,199,99.10%,0.90%,3.68,78.51%,12815,57.82,Corruption2.trc
1024,32,8,Random,32768,15,12,4096,65536,1088,76.16,373450,365758,7692,7639,53,97.94%,2.06%,3.88,76.69%,25129,58.41,A-9_new_1.5.pdf.trc
1024,64,4,Round Robin,16384,14,12,4096,30720,1054,73.78,354809,351307,3502,3454,48,99.01%,0.99%,3.71,79.07%,12930,58.34,A-10_new_1.5_a.pdf.trc
1024,64,4,Round Robin,16384,14,12,4096,30720,1054,73.78,366344,361471,4873,4779,94,98.67%,1.33%,4.01,70.97%,11605,52.36,A-9_new_1.5.pdf.trc
1024,32,8,Random,32768,15,12,4096,65536,1088,76.16,425395,419360,6035,6011,24,98.58%,1.42%,3.62,81.66%,26757,62.19,Corruption2.trc
1024,64,4,Round Robin,16384,14,12,4096,30720,1054,73.78,417698,414003,3695,3633,62,99.12%,0.88%,3.67,77.97%,12751,57.53,Corruption2.trc
1024,64,4,Random,16384,14,12,4096,30720,1054,73.78,354809,351239,3570,3454,116,98.99%,1.01%,3.73,79.07%,12930,58.34,A-10_new_1.5_a.pdf.trc
1024,64,2,Round Robin,16384,13,13,8192,28672,1052,73.64,354809,351209,3600,3357,243,98.99%,1.01%,3.73,79.81%,13027,58.77,A-10_new_1.5_a.pdf.trc
1024,64,4,Random,16384,14,12,4096,30720,1054,73.78,366344,361341,5003,4779,224,98.63%,1.37%,4.04,70.97%,11605,52.36,A-9_new_1.5.pdf.trc
1024,64,4,Random,16384,14,12,4096,30720,1054,73.78,417698,413955,3743,3633,110,99.10%,0.90%,3.68,77.97%,12751,57.53,Corruption2.trc
1024,64,2,Round Robin,16384,13,13,8192,28672,1052,73.64,366344,361356,4988,4605,383,98.64%,1.36%,4.03,72.17%,11779,53.14,A-9_new_1.5.pdf.trc
1024,64,8,Round Robin,16384,15,11,2048,32768,1056,73.92,354809,351323,3486,3479,7,99.02%,0.98%,3.71,78.77%,12905,58.22,A-10_new_1.5_a.pdf.trc
1024,64,8,Round Robin,16384,15,11,2048,32768,1056,73.92,366344,361493,4851,4824,27,98.68%,1.32%,4.01,70.56%,11560,52.16,A-9_new_1.5.pdf.trc
1024,64,2,Round Robin,16384,13,13,8192,28672,1052,73.64,417698,413914,3784,3569,215,99.09%,0.91%,3.69,78.51%,12815,57.82,Corruption2.trc
1024,64,8,Round Robin,16384,15,11,2048,32768,1056,73.92,417698,414033,3665,3651,14,99.12%,0.88%,3.67,77.72%,12733,57.45,Corruption2.trc
1024,64,2,Random,16384,13,13,8192,28672,1052,73.64,354809,351169,3640,3357,283,98.97%,1.03%,3.74,79.81%,13027,58.77,A-10_new_1.5_a.pdf.trc
1024,64,8,Random,16384,15,11,2048,32768,1056,73.92,354809,351323,3486,3479,7,99.02%,0.98%,3.71,78.77%,12905,58.22,A-10_new_1.5_a.pdf.trc
1024,64,8,Random,16384,15,11,2048,32768,1056,73.92,366344,361445,4899,4824,75,98.66%,1.34%,4.02,70.56%,11560,52.16,A-9_new_1.5.pdf.trc
1024,64,2,Random,16384,13,13,8192,28672,1052,73.64,366344,361240,5104,4605,499,98.61%,1.39%,4.05,72.17%,11779,53.14,A-9_new_1.5.pdf.trc
1024,64,8,Random,16384,15,11,2048,32768,1056,73.92,417698,414019,3679,3651,28,99.12%,0.88%,3.67,77.72%,12733,57.45,Corruption2.trc
1024,64,2,Random,16384,13,13,8192,28672,1052,73.64,417698,413930,3768,3569,199,99.10%,0.90%,3.68,78.51%,12815,57.82,Corruption2.trc
1024,64,4,Round Robin,16384,14,12,4096,30720,1054,73.78,354809,351307,3502,3454,48,99.01%,0.99%,3.71,79.07%,12930,58.34,A-10_new_1.5_a.pdf.trc
1024,64,4,Round Robin,16384,14,12,4096,30720,1054,73.78,366344,361471,4873,4779,94,98.67%,1.33%,4.01,70.97%,11605,52.36,A-9_new_1.5.pdf.trc
1024,64,4,Round Robin,16384,14,12,4096,30720,1054,73.78,417698,414003,3695,3633,62,99.12%,0.88%,3.67,77.97%,12751,57.53,Corruption2.trc
1024,64,4,Random,16384,14,12,4096,30720,1054,73.78,354809,351239,3570,3454,116,98.99%,1.01%,3.73,79.07%,12930,58.34,A-10_new_1.5_a.pdf.trc
1024,64,4,Random,16384,14,12,4096,30720,1054,73.78,366344,361341,5003,4779,224,98.63%,1.37%,4.04,70.97%,11605,52.36,A-9_new_1.5.pdf.trc
1024,64,4,Random,16384,14,12,4096,30720,1054,73.78,417698,413955,3743,3633,110,99.10%,0.90%,3.68,77.97%,12751,57.53,Corruption2.trc
1024,64,8,Round Robin,16384,15,11,2048,32768,1056,73.92,354809,351323,3486,3479,7,99.02%,0.98%,3.71,78.77%,12905,58.22,A-10_new_1.5_a.pdf.trc
1024,64,8,Round Robin,16384,15,11,2048,32768,1056,73.92,366344,361493,4851,4824,27,98.68%,1.32%,4.01,70.56%,11560,52.16,A-9_new_1.5.pdf.trc
1024,64,8,Round Robin,16384,15,11,2048,32768,1056,73.92,417698,414033,3665,3651,14,99.12%,0.88%,3.67,77.72%,12733,57.45,Corruption2.trc
1024,64,8,Random,16384,15,11,2048,32768,1056,73.92,354809,351323,3486,3479,7,99.02%,0.98%,3.71,78.77%,12905,58.22,A-10_new_1.5_a.pdf.trc
1024,64,8,Random,16384,15,11,2048,32768,1056,73.92,366344,361445,4899,4824,75,98.66%,1.34%,4.02,70.56%,11560,52.16,A-9_new_1.5.pdf.trc
1024,64,8,Random,16384,15,11,2048,32768,1056,73.92,417698,414019,3679,3651,28,99.12%,0.88%,3.67,77.72%,12733,57.45,Corruption2.trc
